CustomerID,Count,Country,State,City,Zip Code,Lat Long,Latitude,Longitude,Gender,Senior Citizen,Partner,Dependents,Tenure Months,Phone Service,Multiple Lines,Internet Service,Online Security,Online Backup,Device Protection,Tech Support,Streaming TV,Streaming Movies,Contract,Paperless Billing,Payment Method,Monthly Charges,Total Charges,Churn Label,Churn Value,Churn Score,CLTV,Churn Reason,record_modified
3668-QPYBK,1,United States,California,Los Angeles,90003,"33.964131, -118.272783",33.964131,-118.272783,Male,No,No,No,2,Yes,No,DSL,Yes,Yes,No,No,No,No,Month-to-month,Yes,Mailed check,53.85,108.15,Yes,1,86,3239,Competitor made better offer,2024-07-12 21:10:57.948847
9237-HQITU,1,United States,California,Los Angeles,90005,"34.059281, -118.30742",34.059281,-118.30742,Female,No,No,Yes,2,Yes,No,Fiber optic,No,No,No,No,No,No,Month-to-month,Yes,Electronic check,70.7,151.65,Yes,1,67,2701,Moved,2024-07-12 21:10:57.948847
9305-CDSKC,1,United States,California,Los Angeles,90006,"34.048013, -118.293953",34.048013,-118.293953,Female,No,No,Yes,8,Yes,Yes,Fiber optic,No,No,Yes,No,Yes,Yes,Month-to-month,Yes,Electronic check,99.65,820.5,Yes,1,86,5372,Moved,2024-07-12 21:10:57.948847
7892-POOKP,1,United States,California,Los Angeles,90010,"34.062125, -118.315709",34.062125,-118.315709,Female,No,Yes,Yes,28,Yes,Yes,Fiber optic,No,No,Yes,Yes,Yes,Yes,Month-to-month,Yes,Electronic check,104.8,3046.05,Yes,1,84,5003,Moved,2024-07-12 21:10:57.948847
0280-XJGEX,1,United States,California,Los Angeles,90015,"34.039224, -118.266293",34.039224,-118.266293,Male,No,No,Yes,49,Yes,Yes,Fiber optic,No,Yes,Yes,No,Yes,Yes,Month-to-month,Yes,Bank transfer (automatic),103.7,5036.3,Yes,1,89,5340,Competitor had better devices,2024-07-12 21:10:57.948847
4190-MFLUW,1,United States,California,Los Angeles,90020,"34.066367, -118.309868",34.066367,-118.309868,Female,No,Yes,No,10,Yes,No,DSL,No,No,Yes,Yes,No,No,Month-to-month,No,Credit card (automatic),55.2,528.35,Yes,1,78,5925,Competitor offered higher download speeds,2024-07-12 21:10:57.948847
8779-QRDMV,1,United States,California,Los Angeles,90022,"34.02381, -118.156582",34.02381,-118.156582,Male,Yes,No,No,1,No,No phone service,DSL,No,No,Yes,No,No,Yes,Month-to-month,Yes,Electronic check,39.65,39.65,Yes,1,100,5433,Competitor offered more data,2024-07-12 21:10:57.948847
1066-JKSGK,1,United States,California,Los Angeles,90024,"34.066303, -118.435479",34.066303,-118.435479,Male,No,No,No,1,Yes,No,No,No internet service,No internet service,No internet service,No internet service,No internet service,No internet service,Month-to-month,No,Mailed check,20.15,20.15,Yes,1,92,4832,Competitor made better offer,2024-07-12 21:10:57.948847
6467-CHFZW,1,United States,California,Los Angeles,90028,"34.099869, -118.326843",34.099869,-118.326843,Male,No,Yes,Yes,47,Yes,Yes,Fiber optic,No,Yes,No,No,Yes,Yes,Month-to-month,Yes,Electronic check,99.35,4749.15,Yes,1,77,5789,Competitor had better devices,2024-07-12 21:10:57.948847
8665-UTDHZ,1,United States,California,Los Angeles,90029,"34.089953, -118.294824",34.089953,-118.294824,Male,No,Yes,No,1,No,No phone service,DSL,No,Yes,No,No,No,No,Month-to-month,No,Electronic check,30.2,30.2,Yes,1,97,2915,Competitor had better devices,2024-07-12 21:10:57.948847
8773-HHUOZ,1,United States,California,Los Angeles,90032,"34.078821, -118.177576",34.078821,-118.177576,Female,No,No,No,17,Yes,No,DSL,No,No,No,No,Yes,Yes,Month-to-month,Yes,Mailed check,64.7,1093.1,Yes,1,74,3022,Competitor offered higher download speeds,2024-07-12 21:10:57.948847
6047-YHPVI,1,United States,California,Los Angeles,90039,"34.110845, -118.259595",34.110845,-118.259595,Male,No,No,Yes,5,Yes,No,Fiber optic,No,No,No,No,No,No,Month-to-month,Yes,Electronic check,69.7,316.9,Yes,1,66,2454,Competitor offered higher download speeds,2024-07-12 21:10:57.948847
5380-WJKOV,1,United States,California,Los Angeles,90041,"34.137412, -118.207607",34.137412,-118.207607,Male,No,No,Yes,34,Yes,Yes,Fiber optic,No,Yes,Yes,No,Yes,Yes,Month-to-month,Yes,Electronic check,106.35,3549.25,Yes,1,65,2941,Competitor offered higher download speeds,2024-07-12 21:10:57.948847
8168-UQWWF,1,United States,California,Los Angeles,90042,"34.11572, -118.192754",34.11572,-118.192754,Female,No,No,Yes,11,Yes,Yes,Fiber optic,No,No,Yes,No,Yes,Yes,Month-to-month,Yes,Bank transfer (automatic),97.85,1105.4,Yes,1,70,5674,Competitor offered more data,2024-07-12 21:10:57.948847
7760-OYPDY,1,United States,California,Los Angeles,90056,"33.987945, -118.370442",33.987945,-118.370442,Female,No,No,Yes,2,Yes,No,Fiber optic,No,No,No,No,Yes,No,Month-to-month,Yes,Electronic check,80.65,144.15,Yes,1,90,5586,Competitor offered more data,2024-07-12 21:10:57.948847
9420-LOJKX,1,United States,California,Los Angeles,90061,"33.92128, -118.274186",33.92128,-118.274186,Female,No,No,Yes,15,Yes,No,Fiber optic,Yes,Yes,No,No,Yes,Yes,Month-to-month,Yes,Credit card (automatic),99.1,1426.4,Yes,1,82,2966,Competitor offered more data,2024-07-12 21:10:57.948847
7495-OOKFY,1,United States,California,Los Angeles,90063,"34.044271, -118.185237",34.044271,-118.185237,Female,Yes,Yes,Yes,8,Yes,Yes,Fiber optic,No,Yes,No,No,No,No,Month-to-month,Yes,Credit card (automatic),80.65,633.3,Yes,1,69,5302,Competitor made better offer,2024-07-12 21:10:57.948847
1658-BYGOY,1,United States,California,Los Angeles,90065,"34.108833, -118.229715",34.108833,-118.229715,Male,Yes,No,Yes,18,Yes,Yes,Fiber optic,No,No,No,No,Yes,Yes,Month-to-month,Yes,Electronic check,95.45,1752.55,Yes,1,81,3179,Competitor made better offer,2024-07-12 21:10:57.948847
5698-BQJOH,1,United States,California,Beverly Hills,90211,"34.063947, -118.383001",34.063947,-118.383001,Female,No,No,Yes,9,Yes,Yes,Fiber optic,No,No,No,No,Yes,Yes,Month-to-month,No,Electronic check,94.4,857.25,Yes,1,96,5571,Price too high,2024-07-12 21:10:57.948847
5919-TMRGD,1,United States,California,Huntington Park,90255,"33.97803, -118.217141",33.97803,-118.217141,Female,No,No,Yes,1,Yes,No,Fiber optic,No,No,No,No,Yes,No,Month-to-month,Yes,Electronic check,79.35,79.35,Yes,1,87,2483,Product dissatisfaction,2024-07-12 21:10:57.948847
9191-MYQKX,1,United States,California,Lynwood,90262,"33.923573, -118.200669",33.923573,-118.200669,Female,No,Yes,Yes,7,Yes,No,Fiber optic,No,No,Yes,No,No,No,Month-to-month,Yes,Bank transfer (automatic),75.15,496.9,Yes,1,70,3457,Service dissatisfaction,2024-07-12 21:10:57.948847
8637-XJIVR,1,United States,California,Marina Del Rey,90292,"33.977468, -118.445475",33.977468,-118.445475,Female,No,No,Yes,12,Yes,Yes,Fiber optic,Yes,No,No,No,No,No,Month-to-month,Yes,Electronic check,78.95,927.35,Yes,1,86,5806,Lack of self-service on Website,2024-07-12 21:10:57.948847
0278-YXOOG,1,United States,California,Inglewood,90301,"33.956445, -118.358634",33.956445,-118.358634,Male,No,No,No,5,Yes,No,No,No internet service,No internet service,No internet service,No internet service,No internet service,No internet service,Month-to-month,No,Mailed check,21.05,113.85,Yes,1,66,2604,Network reliability,2024-07-12 21:10:57.948847
4598-XLKNJ,1,United States,California,Inglewood,90303,"33.936291, -118.332639",33.936291,-118.332639,Female,Yes,Yes,Yes,25,Yes,No,Fiber optic,No,Yes,Yes,No,Yes,Yes,Month-to-month,Yes,Electronic check,98.5,2514.5,Yes,1,88,5337,Limited range of services,2024-07-12 21:10:57.948847
3192-NQECA,1,United States,California,Santa Monica,90403,"34.031529, -118.491156",34.031529,-118.491156,Male,No,Yes,No,68,Yes,Yes,Fiber optic,No,Yes,Yes,Yes,Yes,Yes,Two year,Yes,Bank transfer (automatic),110.0,7611.85,Yes,1,86,5034,Lack of affordable download/upload speed,2024-07-12 21:10:57.948847
0486-HECZI,1,United States,California,Torrance,90504,"33.867257, -118.330794",33.867257,-118.330794,Male,No,Yes,Yes,55,Yes,Yes,Fiber optic,Yes,Yes,No,No,Yes,No,Month-to-month,Yes,Electronic check,96.75,5238.9,Yes,1,75,5154,Long distance charges,2024-07-12 21:10:57.948847
4846-WHAFZ,1,United States,California,Whittier,90602,"33.972119, -118.020188",33.972119,-118.020188,Female,Yes,Yes,Yes,37,Yes,Yes,Fiber optic,No,No,No,No,No,No,Month-to-month,Yes,Electronic check,76.5,2868.15,Yes,1,67,2793,Extra data charges,2024-07-12 21:10:57.948847
5299-RULOA,1,United States,California,Whittier,90606,"33.976678, -118.065875",33.976678,-118.065875,Female,No,Yes,Yes,10,Yes,Yes,Fiber optic,Yes,No,No,No,Yes,Yes,Month-to-month,Yes,Electronic check,100.25,1064.65,Yes,1,87,5998,Price too high,2024-07-12 21:10:57.948847
0404-SWRVG,1,United States,California,La Habra,90631,"33.940619, -117.9513",33.940619,-117.9513,Male,No,No,Yes,3,Yes,Yes,Fiber optic,No,No,No,No,No,No,Month-to-month,Yes,Electronic check,74.4,229.55,Yes,1,76,4415,Product dissatisfaction,2024-07-12 21:10:57.948847
4412-YLTKF,1,United States,California,Pico Rivera,90660,"33.989524, -118.089299",33.989524,-118.089299,Female,Yes,No,Yes,27,Yes,Yes,Fiber optic,No,No,Yes,No,No,No,Month-to-month,Yes,Electronic check,78.05,2135.5,Yes,1,95,4638,Service dissatisfaction,2024-07-12 21:10:57.948847
6207-WIOLX,1,United States,California,Avalon,90704,"33.391181, -118.421305",33.391181,-118.421305,Female,No,Yes,No,25,No,No phone service,DSL,Yes,Yes,Yes,No,Yes,Yes,Month-to-month,Yes,Credit card (automatic),58.6,1502.65,Yes,1,99,4190,Lack of self-service on Website,2024-07-12 21:10:57.948847
3091-FYHKI,1,United States,California,Harbor City,90710,"33.798266, -118.300237",33.798266,-118.300237,Male,No,No,No,1,No,No phone service,DSL,No,No,No,No,No,Yes,Month-to-month,Yes,Electronic check,35.45,35.45,Yes,1,80,2301,Network reliability,2024-07-12 21:10:57.948847
2372-HWUHI,1,United States,California,Lakewood,90712,"33.840524, -118.148403",33.840524,-118.148403,Male,No,No,No,2,Yes,No,DSL,No,No,No,No,No,No,Month-to-month,No,Electronic check,44.35,81.25,Yes,1,76,2570,Don't know,2024-07-12 21:10:57.948847
0390-DCFDQ,1,United States,California,Los Alamitos,90720,"33.79499, -118.065591",33.79499,-118.065591,Female,Yes,Yes,Yes,1,Yes,No,Fiber optic,No,No,No,No,No,No,Month-to-month,Yes,Mailed check,70.45,70.45,Yes,1,76,3964,Don't know,2024-07-12 21:10:57.948847
4080-OGPJL,1,United States,California,San Pedro,90731,"33.736387, -118.284363",33.736387,-118.284363,Female,No,No,No,8,Yes,Yes,DSL,Yes,No,No,Yes,No,Yes,Month-to-month,No,Electronic check,71.15,563.65,Yes,1,66,2662,Don't know,2024-07-12 21:10:57.948847
2135-RXIHG,1,United States,California,Carson,90745,"33.822295, -118.26411",33.822295,-118.26411,Male,No,No,No,1,Yes,No,DSL,No,No,No,No,No,No,Month-to-month,Yes,Electronic check,45.65,45.65,Yes,1,73,2600,Poor expertise of online support,2024-07-12 21:10:57.948847
3874-EQOEP,1,United States,California,Long Beach,90804,"33.783047, -118.1486",33.783047,-118.1486,Male,No,No,Yes,7,Yes,Yes,Fiber optic,No,No,No,No,Yes,Yes,Month-to-month,No,Mailed check,95.0,655.5,Yes,1,94,2786,Poor expertise of phone support,2024-07-12 21:10:57.948847
0867-MKZVY,1,United States,California,Altadena,91001,"34.196837, -118.142236",34.196837,-118.142236,Female,No,Yes,Yes,20,Yes,Yes,Fiber optic,Yes,No,No,No,No,No,Month-to-month,No,Electronic check,82.4,1592.35,Yes,1,86,5719,Price too high,2024-07-12 21:10:57.948847
3376-BMGFE,1,United States,California,Monrovia,91016,"34.1528, -118.000482",34.1528,-118.000482,Female,No,No,Yes,4,Yes,No,Fiber optic,No,No,No,No,No,No,Month-to-month,Yes,Bank transfer (automatic),70.9,273,Yes,1,75,4287,Product dissatisfaction,2024-07-12 21:10:57.948847
3445-HXXGF,1,United States,California,Sierra Madre,91024,"34.168686, -118.057505",34.168686,-118.057505,Male,Yes,Yes,No,58,No,No phone service,DSL,No,Yes,Yes,No,No,Yes,Month-to-month,Yes,Electronic check,45.3,2651.2,Yes,1,100,5444,Service dissatisfaction,2024-07-12 21:10:57.948847
1875-QIVME,1,United States,California,Tujunga,91042,"34.296574, -118.244839",34.296574,-118.244839,Female,No,Yes,Yes,2,Yes,Yes,Fiber optic,No,No,Yes,Yes,Yes,Yes,Month-to-month,Yes,Electronic check,104.4,242.8,Yes,1,83,4690,Lack of self-service on Website,2024-07-12 21:10:57.948847
0691-JVSYA,1,United States,California,Pasadena,91103,"34.167465, -118.165327",34.167465,-118.165327,Female,No,Yes,No,53,Yes,No,Fiber optic,No,No,Yes,No,Yes,Yes,One year,Yes,Bank transfer (automatic),94.85,5000.2,Yes,1,80,4328,Network reliability,2024-07-12 21:10:57.948847
2656-FMOKZ,1,United States,California,Pasadena,91106,"34.139402, -118.128658",34.139402,-118.128658,Female,Yes,No,Yes,15,Yes,Yes,Fiber optic,No,No,No,No,No,No,Month-to-month,Yes,Mailed check,74.45,1145.7,Yes,1,99,5717,Limited range of services,2024-07-12 21:10:57.948847
2070-FNEXE,1,United States,California,Pasadena,91107,"34.159007, -118.087353",34.159007,-118.087353,Female,Yes,No,Yes,7,Yes,No,Fiber optic,Yes,No,No,No,No,No,Month-to-month,No,Bank transfer (automatic),76.45,503.6,Yes,1,81,4419,Lack of affordable download/upload speed,2024-07-12 21:10:57.948847
6317-YPKDH,1,United States,California,Glendale,91202,"34.167926, -118.267539",34.167926,-118.267539,Female,No,No,No,1,No,No phone service,DSL,No,Yes,No,No,No,No,Month-to-month,No,Bank transfer (automatic),29.95,29.95,Yes,1,95,4534,Long distance charges,2024-07-12 21:10:57.948847
9367-WXLCH,1,United States,California,Glendale,91204,"34.136306, -118.26036",34.136306,-118.26036,Male,No,No,Yes,8,Yes,Yes,Fiber optic,No,No,No,No,No,Yes,Month-to-month,No,Bank transfer (automatic),84.5,662.65,Yes,1,86,2152,Extra data charges,2024-07-12 21:10:57.948847
1918-ZBFQJ,1,United States,California,Glendale,91206,"34.162515, -118.203869",34.162515,-118.203869,Female,No,No,Yes,13,Yes,No,Fiber optic,No,Yes,Yes,No,No,No,Month-to-month,Yes,Electronic check,79.25,1111.65,Yes,1,73,5142,Price too high,2024-07-12 21:10:57.948847
1024-GUALD,1,United States,California,Glendale,91207,"34.182378, -118.262922",34.182378,-118.262922,Female,No,Yes,No,1,No,No phone service,DSL,No,No,No,No,No,No,Month-to-month,Yes,Electronic check,24.8,24.8,Yes,1,94,4851,Product dissatisfaction,2024-07-12 21:10:57.948847
2472-OVKUP,1,United States,California,Canoga Park,91304,"34.224377, -118.632656",34.224377,-118.632656,Male,No,Yes,Yes,6,Yes,No,Fiber optic,No,Yes,Yes,No,No,Yes,Month-to-month,Yes,Electronic check,91.0,531,Yes,1,94,2283,Service dissatisfaction,2024-07-12 21:10:57.948847
1285-OKIPP,1,United States,California,Mission Hills,91345,"34.266389, -118.459744",34.266389,-118.459744,Male,No,No,Yes,1,Yes,No,Fiber optic,No,No,No,No,No,Yes,Month-to-month,No,Electronic check,79.9,79.9,Yes,1,98,3394,Lack of self-service on Website,2024-07-12 21:10:57.948847
7825-ECJRF,1,United States,California,Santa Clarita,91350,"34.502432, -118.41459",34.502432,-118.41459,Female,No,No,Yes,19,Yes,No,Fiber optic,Yes,No,Yes,Yes,Yes,Yes,Month-to-month,Yes,Electronic check,106.6,1934.45,Yes,1,71,3764,Network reliability,2024-07-12 21:10:57.948847
7841-TZDMQ,1,United States,California,Sun Valley,91352,"34.231053, -118.338307",34.231053,-118.338307,Male,No,No,No,2,Yes,No,DSL,No,No,No,No,No,No,Month-to-month,Yes,Credit card (automatic),46.0,84.5,Yes,1,76,2667,Don't know,2024-07-12 21:10:57.948847
9408-SSNVZ,1,United States,California,Stevenson Ranch,91381,"34.364153, -118.615583",34.364153,-118.615583,Female,No,No,Yes,4,Yes,No,Fiber optic,No,No,No,No,No,No,Month-to-month,Yes,Electronic check,70.15,268.35,Yes,1,67,2227,Don't know,2024-07-12 21:10:57.948847
0742-MOABM,1,United States,California,Panorama City,91402,"34.223768, -118.445461",34.223768,-118.445461,Male,No,Yes,No,4,Yes,No,DSL,No,No,No,Yes,No,No,Month-to-month,No,Mailed check,50.05,179.35,Yes,1,82,3394,Don't know,2024-07-12 21:10:57.948847
2232-DMLXU,1,United States,California,Van Nuys,91411,"34.17847, -118.459472",34.17847,-118.459472,Female,No,Yes,No,1,Yes,No,DSL,No,No,No,No,Yes,No,Month-to-month,No,Mailed check,55.2,55.2,Yes,1,81,3638,Poor expertise of online support,2024-07-12 21:10:57.948847
8937-RDTHP,1,United States,California,Burbank,91504,"34.213049, -118.317651",34.213049,-118.317651,Male,No,No,Yes,1,Yes,No,Fiber optic,Yes,No,No,No,No,Yes,Month-to-month,Yes,Mailed check,84.6,84.6,Yes,1,66,2484,Poor expertise of phone support,2024-07-12 21:10:57.948847
1251-KRREG,1,United States,California,North Hollywood,91601,"34.1692, -118.372498",34.1692,-118.372498,Male,No,No,No,2,Yes,Yes,DSL,No,Yes,No,No,No,No,Month-to-month,Yes,Mailed check,54.4,114.1,Yes,1,81,2556,Price too high,2024-07-12 21:10:57.948847
0094-OIFMO,1,United States,California,North Hollywood,91605,"34.207295, -118.400022",34.207295,-118.400022,Female,Yes,No,Yes,11,Yes,No,Fiber optic,No,Yes,No,No,Yes,Yes,Month-to-month,Yes,Electronic check,95.0,1120.3,Yes,1,85,5980,Product dissatisfaction,2024-07-12 21:10:57.948847
9947-OTFQU,1,United States,California,Covina,91722,"34.097345, -117.906736",34.097345,-117.906736,Male,Yes,No,No,15,Yes,No,Fiber optic,No,Yes,No,No,No,No,Month-to-month,Yes,Electronic check,74.4,1074.3,Yes,1,86,4616,Service dissatisfaction,2024-07-12 21:10:57.948847
0322-YINQP,1,United States,California,Covina,91723,"34.084747, -117.886844",34.084747,-117.886844,Male,No,No,No,1,Yes,No,DSL,Yes,No,No,No,No,No,Month-to-month,Yes,Mailed check,48.55,48.55,Yes,1,77,5687,Lack of self-service on Website,2024-07-12 21:10:57.948847
4629-NRXKX,1,United States,California,El Monte,91731,"34.079934, -118.046695",34.079934,-118.046695,Female,No,Yes,No,2,Yes,No,Fiber optic,No,No,No,No,No,No,Month-to-month,No,Electronic check,70.4,147.15,Yes,1,75,5687,Network reliability,2024-07-12 21:10:57.948847
9514-JDSKI,1,United States,California,El Monte,91732,"34.074492, -118.01462",34.074492,-118.01462,Male,Yes,Yes,No,1,No,No phone service,DSL,No,Yes,No,No,Yes,No,Month-to-month,No,Electronic check,40.2,40.2,Yes,1,65,5828,Limited range of services,2024-07-12 21:10:57.948847
4959-JOSRX,1,United States,California,La Puente,91744,"34.031441, -117.936436",34.031441,-117.936436,Female,No,Yes,No,2,Yes,No,DSL,No,No,No,No,No,No,Month-to-month,Yes,Credit card (automatic),44.6,80.55,Yes,1,99,4884,Lack of affordable download/upload speed,2024-07-12 21:10:57.948847
7273-TEFQD,1,United States,California,La Puente,91746,"34.038983, -117.991372",34.038983,-117.991372,Male,Yes,No,No,3,No,No phone service,DSL,No,No,Yes,No,No,Yes,Month-to-month,Yes,Electronic check,41.15,132.2,Yes,1,96,2314,Long distance charges,2024-07-12 21:10:57.948847
3606-TWKGI,1,United States,California,Rowland Heights,91748,"33.976753, -117.897367",33.976753,-117.897367,Male,Yes,No,No,13,Yes,Yes,Fiber optic,No,Yes,Yes,No,Yes,Yes,Month-to-month,Yes,Electronic check,106.9,1364.3,Yes,1,84,2494,Extra data charges,2024-07-12 21:10:57.948847
6323-AYBRX,1,United States,California,Ontario,91762,"34.057256, -117.667677",34.057256,-117.667677,Male,No,No,No,59,Yes,No,No,No internet service,No internet service,No internet service,No internet service,No internet service,No internet service,Two year,No,Mailed check,19.35,1099.6,Yes,1,83,5084,Price too high,2024-07-12 21:10:57.948847
4385-GZQXV,1,United States,California,Ontario,91764,"34.074087, -117.605618",34.074087,-117.605618,Female,Yes,No,No,16,Yes,No,Fiber optic,No,No,No,Yes,Yes,Yes,Month-to-month,Yes,Electronic check,94.45,1511.2,Yes,1,81,3810,Product dissatisfaction,2024-07-12 21:10:57.948847
6366-ZGQGL,1,United States,California,Pomona,91766,"34.042286, -117.756106",34.042286,-117.756106,Male,No,No,No,1,No,No phone service,DSL,No,No,No,No,No,No,Month-to-month,No,Bank transfer (automatic),24.8,24.8,Yes,1,73,5087,Service dissatisfaction,2024-07-12 21:10:57.948847
5940-AHUHD,1,United States,California,Pomona,91768,"34.067932, -117.785168",34.067932,-117.785168,Male,No,No,No,1,Yes,No,Fiber optic,No,No,No,No,No,No,Month-to-month,No,Mailed check,70.6,70.6,Yes,1,69,3338,Lack of self-service on Website,2024-07-12 21:10:57.948847
6432-TWQLB,1,United States,California,Rosemead,91770,"34.065108, -118.082791",34.065108,-118.082791,Male,No,Yes,No,5,Yes,Yes,Fiber optic,No,Yes,No,Yes,No,No,Month-to-month,Yes,Electronic check,85.4,401.1,Yes,1,80,3676,Network reliability,2024-07-12 21:10:57.948847
4484-GLZOU,1,United States,California,San Dimas,91773,"34.102119, -117.815532",34.102119,-117.815532,Female,No,Yes,No,52,Yes,Yes,Fiber optic,No,Yes,Yes,No,Yes,Yes,Month-to-month,Yes,Electronic check,105.05,5624.85,Yes,1,65,4839,Don't know,2024-07-12 21:10:57.948847
9512-UIBFX,1,United States,California,West Covina,91791,"34.061634, -117.893169",34.061634,-117.893169,Male,No,Yes,No,18,Yes,No,Fiber optic,No,No,Yes,No,Yes,Yes,Month-to-month,No,Mailed check,95.15,1779.95,Yes,1,68,4643,Don't know,2024-07-12 21:10:57.948847
5583-SXDAG,1,United States,California,Alhambra,91803,"34.074736, -118.145959",34.074736,-118.145959,Male,No,Yes,No,1,Yes,No,Fiber optic,No,No,No,No,No,No,Month-to-month,No,Electronic check,70.0,70,Yes,1,97,4094,Don't know,2024-07-12 21:10:57.948847
3488-PGMQJ,1,United States,California,Alpine,91901,"32.827184, -116.703729",32.827184,-116.703729,Male,Yes,No,No,8,Yes,No,Fiber optic,No,Yes,No,No,No,No,Month-to-month,Yes,Electronic check,74.5,606.55,Yes,1,80,4345,Poor expertise of online support,2024-07-12 21:10:57.948847
3580-REOAC,1,United States,California,Bonita,91902,"32.67117, -117.00232",32.67117,-117.00232,Male,No,No,No,10,Yes,No,DSL,No,No,No,No,No,No,Month-to-month,Yes,Credit card (automatic),44.85,435.4,Yes,1,83,4061,Poor expertise of phone support,2024-07-12 21:10:57.948847
7534-BFESC,1,United States,California,Boulevard,91905,"32.677097, -116.304991",32.677097,-116.304991,Male,Yes,No,No,24,Yes,Yes,Fiber optic,No,No,No,No,No,No,Month-to-month,Yes,Electronic check,76.1,1712.7,Yes,1,98,2018,Price too high,2024-07-12 21:10:57.948847
6390-DSAZX,1,United States,California,Guatay,91931,"32.857946, -116.561917",32.857946,-116.561917,Female,No,No,No,1,Yes,No,Fiber optic,Yes,No,No,No,No,No,Month-to-month,Yes,Mailed check,73.6,73.6,Yes,1,80,2565,Product dissatisfaction,2024-07-12 21:10:57.948847
8098-LLAZX,1,United States,California,Jacumba,91934,"32.649787, -116.2237",32.649787,-116.2237,Female,Yes,No,No,4,Yes,Yes,Fiber optic,No,No,No,No,Yes,Yes,Month-to-month,Yes,Electronic check,95.45,396.1,Yes,1,85,3677,Service dissatisfaction,2024-07-12 21:10:57.948847
0265-EDXBD,1,United States,California,Mount Laguna,91948,"32.830852, -116.444601",32.830852,-116.444601,Male,Yes,Yes,No,32,Yes,Yes,Fiber optic,No,No,No,No,No,No,Month-to-month,Yes,Electronic check,74.9,2303.35,Yes,1,69,4105,Lack of self-service on Website,2024-07-12 21:10:57.948847
7563-BIUPC,1,United States,California,Borrego Springs,92004,"33.200369, -116.192313",33.200369,-116.192313,Male,No,No,No,5,Yes,No,Fiber optic,No,No,No,No,Yes,No,Month-to-month,Yes,Electronic check,80.6,415.55,Yes,1,69,5715,Network reliability,2024-07-12 21:10:57.948847
2321-OMBXY,1,United States,California,Carlsbad,92009,"33.098018, -117.258203",33.098018,-117.258203,Female,No,Yes,No,38,Yes,No,DSL,Yes,Yes,No,Yes,Yes,Yes,One year,No,Credit card (automatic),80.3,3058.65,Yes,1,81,2071,Limited range of services,2024-07-12 21:10:57.948847
2840-XANRC,1,United States,California,Del Mar,92014,"32.948262, -117.256086",32.948262,-117.256086,Male,Yes,Yes,No,24,Yes,No,Fiber optic,No,No,Yes,No,Yes,Yes,Month-to-month,Yes,Electronic check,93.15,2231.05,Yes,1,73,2212,Lack of affordable download/upload speed,2024-07-12 21:10:57.948847
5020-ZSTTY,1,United States,California,El Cajon,92020,"32.79697, -116.969082",32.79697,-116.969082,Female,Yes,No,No,54,Yes,Yes,DSL,Yes,Yes,No,Yes,Yes,Yes,One year,No,Bank transfer (automatic),82.45,4350.1,Yes,1,83,4149,Long distance charges,2024-07-12 21:10:57.948847
5804-LEPIM,1,United States,California,Escondido,92029,"33.079834, -117.134275",33.079834,-117.134275,Female,Yes,No,No,2,Yes,No,Fiber optic,No,No,No,No,No,No,Month-to-month,Yes,Electronic check,70.35,139.05,Yes,1,73,2671,Extra data charges,2024-07-12 21:10:57.948847
0122-OAHPZ,1,United States,California,Oceanside,92057,"33.254497, -117.285879",33.254497,-117.285879,Female,No,No,No,7,Yes,Yes,Fiber optic,No,No,No,No,No,No,Month-to-month,Yes,Electronic check,73.85,511.25,Yes,1,67,2473,Price too high,2024-07-12 21:10:57.948847
2868-SNELZ,1,United States,California,Pala,92059,"33.384345, -117.072619",33.384345,-117.072619,Female,No,No,No,2,Yes,Yes,Fiber optic,No,No,Yes,No,No,No,Month-to-month,No,Mailed check,80.6,155.8,Yes,1,92,2683,Product dissatisfaction,2024-07-12 21:10:57.948847
4322-RCYMT,1,United States,California,Palomar Mountain,92060,"33.309852, -116.823091",33.309852,-116.823091,Male,No,Yes,No,68,Yes,Yes,DSL,No,Yes,Yes,Yes,No,Yes,One year,Yes,Bank transfer (automatic),75.8,5293.95,Yes,1,81,4903,Service dissatisfaction,2024-07-12 21:10:57.948847
6680-NENYN,1,United States,California,Pauma Valley,92061,"33.313828, -116.940501",33.313828,-116.940501,Female,No,No,No,43,Yes,Yes,Fiber optic,No,Yes,Yes,No,Yes,Yes,Two year,Yes,Electronic check,104.6,4759.85,Yes,1,91,5250,Lack of self-service on Website,2024-07-12 21:10:57.948847
1343-EHPYB,1,United States,California,Ranchita,92066,"33.215251, -116.53633",33.215251,-116.53633,Male,No,Yes,No,63,Yes,Yes,Fiber optic,No,Yes,Yes,No,Yes,Yes,Month-to-month,Yes,Electronic check,103.4,6603,Yes,1,98,4352,Network reliability,2024-07-12 21:10:57.948847
2034-GDRCN,1,United States,California,Valley Center,92082,"33.25283, -116.986079",33.25283,-116.986079,Female,No,No,No,2,Yes,No,Fiber optic,No,No,No,No,Yes,Yes,Month-to-month,Yes,Electronic check,90.4,168.2,Yes,1,76,4157,Don't know,2024-07-12 21:10:57.948847
0219-YTZUE,1,United States,California,San Diego,92103,"32.747484, -117.166877",32.747484,-117.166877,Male,No,Yes,No,4,Yes,Yes,Fiber optic,No,Yes,Yes,No,No,No,Month-to-month,Yes,Bank transfer (automatic),84.8,371.9,Yes,1,73,4939,Don't know,2024-07-12 21:10:57.948847
0623-IIHUG,1,United States,California,San Diego,92104,"32.741499, -117.127409",32.741499,-117.127409,Female,Yes,No,No,21,No,No phone service,DSL,Yes,No,No,No,Yes,No,Month-to-month,Yes,Electronic check,41.9,840.1,Yes,1,97,4778,Don't know,2024-07-12 21:10:57.948847
4572-DVCGN,1,United States,California,San Diego,92105,"32.741859, -117.090353",32.741859,-117.090353,Female,No,No,No,10,Yes,No,Fiber optic,No,No,No,No,No,Yes,Month-to-month,Yes,Bank transfer (automatic),80.25,846,Yes,1,85,3598,Poor expertise of online support,2024-07-12 21:10:57.948847
9057-MSWCO,1,United States,California,San Diego,92108,"32.774046, -117.142454",32.774046,-117.142454,Male,Yes,Yes,No,27,No,No phone service,DSL,Yes,No,No,No,No,No,Month-to-month,No,Credit card (automatic),30.75,805.1,Yes,1,91,2927,Poor expertise of phone support,2024-07-12 21:10:57.948847
1010-DIAUQ,1,United States,California,San Diego,92116,"32.765299, -117.122565",32.765299,-117.122565,Male,No,No,No,5,Yes,No,Fiber optic,No,No,Yes,No,Yes,Yes,Month-to-month,No,Bank transfer (automatic),96.5,492.55,Yes,1,98,5383,Price too high,2024-07-12 21:10:57.948847
0259-GBZSH,1,United States,California,San Diego,92122,"32.85723, -117.209774",32.85723,-117.209774,Male,No,No,No,2,Yes,Yes,Fiber optic,No,No,No,No,Yes,No,Month-to-month,Yes,Electronic check,85.65,181.5,Yes,1,73,3878,Product dissatisfaction,2024-07-12 21:10:57.948847
9601-BRXPO,1,United States,California,San Diego,92129,"32.961064, -117.134917",32.961064,-117.134917,Female,No,Yes,No,25,Yes,Yes,Fiber optic,No,No,Yes,Yes,Yes,Yes,Month-to-month,Yes,Bank transfer (automatic),104.95,2566.5,Yes,1,66,3642,Service dissatisfaction,2024-07-12 21:10:57.948847
6905-NIQIN,1,United States,California,San Diego,92154,"32.578103, -117.012975",32.578103,-117.012975,Male,No,No,No,1,Yes,No,DSL,No,Yes,No,No,No,No,Month-to-month,No,Mailed check,50.65,50.65,Yes,1,76,2431,Don't know,2024-07-12 21:10:57.948847
5167-ZFFMM,1,United States,California,Indio,92201,"33.713891, -116.237257",33.713891,-116.237257,Male,No,No,No,1,Yes,Yes,Fiber optic,No,Yes,No,No,No,Yes,Month-to-month,Yes,Credit card (automatic),90.85,90.85,Yes,1,81,3424,Network reliability,2024-07-12 21:10:57.948847
4895-TMWIR,1,United States,California,Indian Wells,92210,"33.537646, -116.291089",33.537646,-116.291089,Male,Yes,Yes,No,11,Yes,No,No,No internet service,No internet service,No internet service,No internet service,No internet service,No internet service,Month-to-month,No,Mailed check,19.95,214.75,Yes,1,80,5888,Limited range of services,2024-07-12 21:10:57.948847
0533-BNWKF,1,United States,California,Palm Desert,92211,"33.762759, -116.324817",33.762759,-116.324817,Female,Yes,Yes,No,55,Yes,Yes,Fiber optic,No,Yes,Yes,No,No,No,Month-to-month,Yes,Electronic check,85.45,4874.7,Yes,1,100,5502,Lack of affordable download/upload speed,2024-07-12 21:10:57.948847
6599-CEBNN,1,United States,California,Desert Hot Springs,92240,"33.948558, -116.516976",33.948558,-116.516976,Female,No,No,No,34,Yes,No,Fiber optic,No,Yes,No,No,No,No,Month-to-month,Yes,Credit card (automatic),73.95,2524.45,Yes,1,94,5795,Long distance charges,2024-07-12 21:10:57.948847
0979-PHULV,1,United States,California,Holtville,92250,"32.811001, -115.152865",32.811001,-115.152865,Male,No,Yes,No,69,Yes,Yes,Fiber optic,No,No,Yes,No,Yes,Yes,Month-to-month,Yes,Credit card (automatic),99.45,7007.6,Yes,1,80,4020,Extra data charges,2024-07-12 21:10:57.948847
4800-VHZKI,1,United States,California,Niland,92257,"33.345825, -115.596574",33.345825,-115.596574,Female,No,No,No,1,Yes,No,No,No internet service,No internet service,No internet service,No internet service,No internet service,No internet service,Month-to-month,Yes,Mailed check,19.9,19.9,Yes,1,92,3351,Price too high,2024-07-12 21:10:57.948847
7989-CHGTL,1,United States,California,North Palm Springs,92258,"33.906496, -116.569499",33.906496,-116.569499,Male,No,No,No,1,Yes,No,No,No internet service,No internet service,No internet service,No internet service,No internet service,No internet service,Month-to-month,Yes,Mailed check,19.6,19.6,Yes,1,95,3448,Product dissatisfaction,2024-07-12 21:10:57.948847
0334-GDDSO,1,United States,California,Ocotillo,92259,"32.698964, -115.886656",32.698964,-115.886656,Male,Yes,No,No,3,Yes,Yes,Fiber optic,No,Yes,No,No,No,No,Month-to-month,Yes,Electronic check,81.35,233.7,Yes,1,73,2818,Service dissatisfaction,2024-07-12 21:10:57.948847
0578-SKVMF,1,United States,California,Seeley,92273,"32.790282, -115.689559",32.790282,-115.689559,Female,No,Yes,No,22,Yes,No,Fiber optic,No,Yes,No,No,No,Yes,Month-to-month,No,Electronic check,83.3,1845.9,Yes,1,88,3804,Lack of self-service on Website,2024-07-12 21:10:57.948847
5564-NEMQO,1,United States,California,Thermal,92274,"33.53604, -116.119222",33.53604,-116.119222,Female,Yes,No,No,1,Yes,No,Fiber optic,No,No,Yes,No,No,No,Month-to-month,Yes,Bank transfer (automatic),75.3,75.3,Yes,1,67,4902,Network reliability,2024-07-12 21:10:57.948847
9063-ZGTUY,1,United States,California,Adelanto,92301,"34.667815, -117.536183",34.667815,-117.536183,Female,No,Yes,No,61,Yes,No,No,No internet service,No internet service,No internet service,No internet service,No internet service,No internet service,Month-to-month,Yes,Mailed check,19.4,1182.55,Yes,1,82,4221,Don't know,2024-07-12 21:10:57.948847
2957-LOLHO,1,United States,California,Apple Valley,92307,"34.55082, -117.122396",34.55082,-117.122396,Male,No,No,No,12,Yes,No,DSL,No,No,No,No,No,No,Month-to-month,Yes,Bank transfer (automatic),45.4,518.9,Yes,1,68,2887,Don't know,2024-07-12 21:10:57.948847
7752-XUSCI,1,United States,California,Crestline,92325,"34.248061, -117.29028",34.248061,-117.29028,Female,No,No,No,60,Yes,Yes,Fiber optic,No,Yes,Yes,No,Yes,Yes,Month-to-month,Yes,Electronic check,105.9,6396.45,Yes,1,84,4105,Don't know,2024-07-12 21:10:57.948847
4110-PFEUZ,1,United States,California,Daggett,92327,"34.875144, -116.821698",34.875144,-116.821698,Female,No,No,No,1,Yes,No,Fiber optic,No,No,No,No,No,No,Month-to-month,No,Mailed check,69.55,69.55,Yes,1,73,2792,Competitor had better devices,2024-07-12 21:10:57.948847
0256-LTHVJ,1,United States,California,Ludlow,92338,"34.702766, -116.093376",34.702766,-116.093376,Female,No,Yes,No,28,Yes,No,Fiber optic,No,No,No,No,No,Yes,Month-to-month,Yes,Electronic check,81.05,2227.1,Yes,1,98,5201,Competitor had better devices,2024-07-12 21:10:57.948847
0880-TKATG,1,United States,California,Lucerne Valley,92356,"34.508417, -116.856103",34.508417,-116.856103,Male,No,Yes,No,4,Yes,Yes,Fiber optic,No,No,Yes,No,Yes,Yes,Month-to-month,No,Electronic check,101.15,385.9,Yes,1,84,4417,Competitor had better devices,2024-07-12 21:10:57.948847
3811-VBYBZ,1,United States,California,Lytle Creek,92358,"34.238162, -117.534306",34.238162,-117.534306,Male,No,No,No,7,Yes,Yes,Fiber optic,No,Yes,No,No,Yes,Yes,Month-to-month,Yes,Electronic check,99.8,673.25,Yes,1,98,2031,Competitor had better devices,2024-07-12 21:10:57.948847
4640-UHDOS,1,United States,California,Phelan,92371,"34.441123, -117.537886",34.441123,-117.537886,Female,No,Yes,No,13,Yes,No,DSL,No,No,No,No,No,Yes,Month-to-month,No,Electronic check,55.95,734.35,Yes,1,91,4498,Competitor had better devices,2024-07-12 21:10:57.948847
3583-EKAPL,1,United States,California,Redlands,92373,"34.003243, -117.138286",34.003243,-117.138286,Male,No,No,No,1,Yes,No,DSL,No,No,No,No,No,Yes,Month-to-month,Yes,Electronic check,55.0,55,Yes,1,71,4877,Competitor had better devices,2024-07-12 21:10:57.948847
9399-APLBT,1,United States,California,Rialto,92377,"34.156758, -117.404686",34.156758,-117.404686,Female,No,Yes,No,1,Yes,No,Fiber optic,No,Yes,No,No,No,No,Month-to-month,Yes,Electronic check,74.7,74.7,Yes,1,80,5980,Competitor had better devices,2024-07-12 21:10:57.948847
2359-KMGLI,1,United States,California,Running Springs,92382,"34.186211, -117.07683",34.186211,-117.07683,Male,No,No,No,24,Yes,Yes,Fiber optic,No,Yes,No,No,No,No,Month-to-month,Yes,Electronic check,80.25,1861.5,Yes,1,77,4418,Competitor had better devices,2024-07-12 21:10:57.948847
0306-JAELE,1,United States,California,Tecopa,92389,"35.824572, -116.274755",35.824572,-116.274755,Male,No,No,No,5,Yes,No,Fiber optic,No,No,No,Yes,Yes,Yes,Month-to-month,Yes,Electronic check,96.1,453.4,Yes,1,66,4192,Competitor had better devices,2024-07-12 21:10:57.948847
6227-HWPWX,1,United States,California,Victorville,92392,"34.486835, -117.362274",34.486835,-117.362274,Female,No,No,No,15,Yes,No,Fiber optic,No,No,No,No,No,No,Month-to-month,No,Bank transfer (automatic),69.0,994.8,Yes,1,73,5671,Competitor had better devices,2024-07-12 21:10:57.948847
0447-BEMNG,1,United States,California,Wrightwood,92397,"34.358321, -117.618263",34.358321,-117.618263,Female,No,Yes,No,48,No,No phone service,DSL,Yes,No,Yes,No,No,Yes,Month-to-month,Yes,Bank transfer (automatic),45.3,2145,Yes,1,65,4926,Price too high,2024-07-12 21:10:57.948847
5949-XIKAE,1,United States,California,San Bernardino,92401,"34.105935, -117.2914",34.105935,-117.2914,Female,No,Yes,No,8,Yes,No,Fiber optic,No,Yes,No,No,Yes,No,Month-to-month,Yes,Electronic check,83.55,680.05,Yes,1,65,2879,Product dissatisfaction,2024-07-12 21:10:57.948847
8372-JUXUI,1,United States,California,San Bernardino,92410,"34.106922, -117.297553",34.106922,-117.297553,Male,No,No,No,1,Yes,Yes,Fiber optic,No,No,No,No,No,No,Month-to-month,Yes,Electronic check,74.35,74.35,Yes,1,93,2814,Service dissatisfaction,2024-07-12 21:10:57.948847
0388-EOPEX,1,United States,California,Riverside,92503,"33.890046, -117.455583",33.890046,-117.455583,Female,No,Yes,No,2,Yes,No,Fiber optic,Yes,No,No,No,No,No,Month-to-month,Yes,Electronic check,74.4,139.4,Yes,1,77,4263,Lack of self-service on Website,2024-07-12 21:10:57.948847
8205-OTCHB,1,United States,California,Riverside,92506,"33.930931, -117.361788",33.930931,-117.361788,Male,No,No,No,22,No,No phone service,DSL,No,Yes,Yes,No,No,Yes,One year,Yes,Bank transfer (automatic),43.75,903.6,Yes,1,66,3099,Network reliability,2024-07-12 21:10:57.948847
6235-VDHOM,1,United States,California,Riverside,92509,"34.004379, -117.447864",34.004379,-117.447864,Female,Yes,No,No,5,No,No phone service,DSL,No,Yes,No,No,No,No,Month-to-month,No,Electronic check,28.45,131.05,Yes,1,89,4099,Limited range of services,2024-07-12 21:10:57.948847
7783-YKGDV,1,United States,California,March Air Reserve Base,92518,"33.888323, -117.277533",33.888323,-117.277533,Female,No,No,No,12,Yes,Yes,Fiber optic,Yes,Yes,Yes,No,No,Yes,Month-to-month,Yes,Bank transfer (automatic),99.7,1238.45,Yes,1,76,2538,Lack of affordable download/upload speed,2024-07-12 21:10:57.948847
5609-CEBID,1,United States,California,Hemet,92544,"33.644585, -116.871544",33.644585,-116.871544,Female,Yes,No,No,20,Yes,Yes,Fiber optic,No,Yes,Yes,No,No,Yes,Month-to-month,Yes,Electronic check,94.1,1782.4,Yes,1,87,2666,Long distance charges,2024-07-12 21:10:57.948847
7218-HKQFK,1,United States,California,Homeland,92548,"33.761894, -117.120868",33.761894,-117.120868,Male,No,Yes,No,2,Yes,No,Fiber optic,No,No,No,Yes,Yes,Yes,Month-to-month,Yes,Electronic check,94.2,167.5,Yes,1,72,3715,Don't know,2024-07-12 21:10:57.948847
4636-QRJKY,1,United States,California,Idyllwild,92549,"33.755039, -116.741796",33.755039,-116.741796,Female,No,Yes,No,6,Yes,Yes,Fiber optic,No,No,No,Yes,No,No,Month-to-month,Yes,Electronic check,80.5,502.85,Yes,1,98,5032,Price too high,2024-07-12 21:10:57.948847
5956-VKDTT,1,United States,California,Moreno Valley,92557,"33.970661, -117.255039",33.970661,-117.255039,Female,Yes,Yes,No,5,Yes,Yes,Fiber optic,No,No,No,No,No,No,Month-to-month,Yes,Electronic check,74.35,334.8,Yes,1,82,5273,Product dissatisfaction,2024-07-12 21:10:57.948847
9412-GHEEC,1,United States,California,Murrieta,92563,"33.581045, -117.14719",33.581045,-117.14719,Male,No,No,No,40,Yes,Yes,Fiber optic,No,No,Yes,Yes,Yes,Yes,Month-to-month,No,Bank transfer (automatic),104.8,4131.95,Yes,1,88,3492,Service dissatisfaction,2024-07-12 21:10:57.948847
0257-ZESQC,1,United States,California,Perris,92571,"33.828289, -117.201666",33.828289,-117.201666,Female,Yes,Yes,No,27,Yes,No,Fiber optic,Yes,No,No,No,No,No,Month-to-month,Yes,Bank transfer (automatic),75.2,1929.35,Yes,1,99,4517,Lack of self-service on Website,2024-07-12 21:10:57.948847
6825-UYPFK,1,United States,California,Sun City,92586,"33.707483, -117.200006",33.707483,-117.200006,Female,No,No,No,23,Yes,Yes,Fiber optic,No,No,No,No,No,No,Month-to-month,No,Bank transfer (automatic),75.6,1758.6,Yes,1,81,2115,Network reliability,2024-07-12 21:10:57.948847
8397-MVTAZ,1,United States,California,Sun City,92587,"33.69887, -117.25071",33.69887,-117.25071,Male,No,Yes,No,34,Yes,Yes,Fiber optic,No,No,Yes,No,Yes,Yes,Month-to-month,Yes,Electronic check,100.05,3480,Yes,1,72,2568,Don't know,2024-07-12 21:10:57.948847
9282-IZGQK,1,United States,California,Irvine,92612,"33.643095, -117.810896",33.643095,-117.810896,Female,No,No,No,1,Yes,Yes,Fiber optic,No,No,No,No,No,Yes,Month-to-month,Yes,Electronic check,85.0,85,Yes,1,80,5679,Don't know,2024-07-12 21:10:57.948847
1342-JPNKI,1,United States,California,Lake Forest,92630,"33.644849, -117.684254",33.644849,-117.684254,Male,No,No,No,10,Yes,Yes,Fiber optic,No,No,No,No,Yes,No,Month-to-month,Yes,Bank transfer (automatic),86.05,834.1,Yes,1,85,2966,Don't know,2024-07-12 21:10:57.948847
2817-NTQDO,1,United States,California,Huntington Beach,92646,"33.666301, -117.969501",33.666301,-117.969501,Male,No,No,No,13,No,No phone service,DSL,Yes,No,No,Yes,Yes,No,Month-to-month,Yes,Credit card (automatic),45.55,597,Yes,1,74,4856,Poor expertise of online support,2024-07-12 21:10:57.948847
6986-IJDHX,1,United States,California,Huntington Beach,92648,"33.679659, -118.016195",33.679659,-118.016195,Male,No,Yes,No,39,Yes,No,Fiber optic,No,Yes,No,No,Yes,No,Month-to-month,Yes,Mailed check,86.3,3266,Yes,1,98,3364,Poor expertise of phone support,2024-07-12 21:10:57.948847
5301-GAUUY,1,United States,California,Newport Beach,92661,"33.601309, -117.902304",33.601309,-117.902304,Male,No,No,No,32,Yes,Yes,Fiber optic,No,Yes,No,No,No,No,Month-to-month,Yes,Bank transfer (automatic),80.35,2596.15,Yes,1,92,5974,Competitor had better devices,2024-07-12 21:10:57.948847
0939-YAPAF,1,United States,California,Santa Ana,92701,"33.748478, -117.858918",33.748478,-117.858918,Female,No,No,No,35,Yes,Yes,Fiber optic,No,No,Yes,No,Yes,Yes,Month-to-month,Yes,Electronic check,100.25,3527.6,Yes,1,72,2744,Competitor offered higher download speeds,2024-07-12 21:10:57.948847
4710-FDUIZ,1,United States,California,Santa Ana,92707,"33.714829, -117.872941",33.714829,-117.872941,Male,No,Yes,No,56,Yes,Yes,Fiber optic,No,Yes,No,No,Yes,Yes,One year,No,Credit card (automatic),100.3,5614.45,Yes,1,67,5170,Competitor offered more data,2024-07-12 21:10:57.948847
1218-VKFPE,1,United States,California,Anaheim,92805,"33.830209, -117.906099",33.830209,-117.906099,Female,No,Yes,No,12,Yes,No,No,No internet service,No internet service,No internet service,No internet service,No internet service,No internet service,Month-to-month,No,Mailed check,19.0,233.55,Yes,1,72,3535,Competitor made better offer,2024-07-12 21:10:57.948847
3627-FHKBK,1,United States,California,Anaheim,92806,"33.83796, -117.870494",33.83796,-117.870494,Female,No,No,No,1,Yes,No,Fiber optic,Yes,No,No,No,No,No,Month-to-month,No,Mailed check,75.3,75.3,Yes,1,87,3244,Competitor had better devices,2024-07-12 21:10:57.948847
2865-TCHJW,1,United States,California,Anaheim,92807,"33.848733, -117.788357",33.848733,-117.788357,Female,Yes,No,No,4,Yes,Yes,Fiber optic,No,No,Yes,No,Yes,No,Month-to-month,Yes,Electronic check,89.2,346.2,Yes,1,74,5808,Competitor had better devices,2024-07-12 21:10:57.948847
5192-EBGOV,1,United States,California,Brea,92823,"33.924143, -117.79387",33.924143,-117.79387,Female,Yes,No,No,1,Yes,Yes,Fiber optic,No,No,No,No,Yes,No,Month-to-month,Yes,Electronic check,85.7,85.7,Yes,1,66,4880,Competitor offered higher download speeds,2024-07-12 21:10:57.948847
0719-SYFRB,1,United States,California,Norco,92860,"33.925833, -117.559639",33.925833,-117.559639,Female,No,No,No,12,Yes,Yes,DSL,Yes,No,Yes,Yes,No,No,Month-to-month,Yes,Mailed check,61.65,713.75,Yes,1,67,5670,Competitor offered higher download speeds,2024-07-12 21:10:57.948847
3419-SNJJD,1,United States,California,Yorba Linda,92887,"33.884073, -117.732197",33.884073,-117.732197,Female,Yes,Yes,No,65,Yes,Yes,Fiber optic,Yes,No,Yes,No,Yes,Yes,Month-to-month,No,Bank transfer (automatic),105.25,6786.4,Yes,1,91,4196,Competitor offered higher download speeds,2024-07-12 21:10:57.948847
6543-CPZMK,1,United States,California,Ventura,93001,"34.360261, -119.306383",34.360261,-119.306383,Male,No,Yes,No,9,No,No phone service,DSL,No,Yes,No,No,No,No,Month-to-month,Yes,Electronic check,29.95,248.95,Yes,1,83,2573,Competitor offered more data,2024-07-12 21:10:57.948847
4765-OXPPD,1,United States,California,Ventura,93003,"34.279221, -119.221437",34.279221,-119.221437,Female,No,Yes,No,9,Yes,No,DSL,Yes,Yes,Yes,Yes,No,No,Month-to-month,No,Mailed check,65.0,663.05,Yes,1,76,3983,Competitor offered more data,2024-07-12 21:10:57.948847
1009-IRMNA,1,United States,California,Port Hueneme,93041,"34.110124, -119.100972",34.110124,-119.100972,Female,No,No,No,7,Yes,No,No,No internet service,No internet service,No internet service,No internet service,No internet service,No internet service,Month-to-month,No,Bank transfer (automatic),20.0,137.6,Yes,1,100,4479,Competitor offered more data,2024-07-12 21:10:57.948847
4554-YGZIH,1,United States,California,Summerland,93067,"34.420998, -119.60137",34.420998,-119.60137,Male,Yes,Yes,No,49,Yes,Yes,Fiber optic,No,Yes,No,No,No,Yes,Month-to-month,No,Credit card (automatic),90.05,4547.25,Yes,1,96,5059,Competitor made better offer,2024-07-12 21:10:57.948847
5099-BAILX,1,United States,California,Santa Barbara,93101,"34.419203, -119.710008",34.419203,-119.710008,Male,Yes,Yes,No,43,Yes,Yes,Fiber optic,No,Yes,Yes,Yes,Yes,Yes,Month-to-month,Yes,Bank transfer (automatic),110.75,4687.9,Yes,1,65,2728,Competitor made better offer,2024-07-12 21:10:57.948847
7207-RMRDB,1,United States,California,Santa Barbara,93110,"34.437945, -119.77191",34.437945,-119.77191,Female,No,Yes,No,65,Yes,Yes,Fiber optic,No,Yes,Yes,No,Yes,Yes,Month-to-month,Yes,Electronic check,105.5,6985.65,Yes,1,89,5720,Competitor had better devices,2024-07-12 21:10:57.948847
4913-EHYUI,1,United States,California,Alpaugh,93201,"35.869626, -119.498771",35.869626,-119.498771,Male,Yes,Yes,No,56,Yes,Yes,Fiber optic,Yes,No,Yes,No,Yes,Yes,One year,Yes,Bank transfer (automatic),104.55,5794.65,Yes,1,91,6268,Competitor offered higher download speeds,2024-07-12 21:10:57.948847
0195-IESCP,1,United States,California,Armona,93202,"36.315979, -119.710852",36.315979,-119.710852,Male,No,Yes,No,10,Yes,Yes,Fiber optic,No,No,No,No,No,Yes,Month-to-month,Yes,Electronic check,85.25,855.3,Yes,1,75,3573,Competitor offered more data,2024-07-12 21:10:57.948847
4580-TMHJU,1,United States,California,Avenal,93204,"35.916943, -120.129921",35.916943,-120.129921,Female,No,Yes,No,43,Yes,No,DSL,No,No,No,No,Yes,No,Month-to-month,No,Electronic check,56.15,2499.3,Yes,1,65,2152,Don't know,2024-07-12 21:10:57.948847
0970-ETWGE,1,United States,California,Bodfish,93205,"35.523991, -118.400432",35.523991,-118.400432,Male,No,No,No,1,Yes,No,Fiber optic,No,No,No,No,Yes,Yes,Month-to-month,Yes,Electronic check,89.55,89.55,Yes,1,99,4996,Competitor had better devices,2024-07-12 21:10:57.948847
1626-ERCMM,1,United States,California,Camp Nelson,93208,"36.057458, -118.591951",36.057458,-118.591951,Male,Yes,Yes,No,20,Yes,Yes,Fiber optic,No,No,No,No,Yes,Yes,Month-to-month,Yes,Electronic check,94.55,1899.65,Yes,1,84,5604,Competitor had better devices,2024-07-12 21:10:57.948847
0887-HJGAR,1,United States,California,Coalinga,93210,"36.186867, -120.387793",36.186867,-120.387793,Male,No,No,No,1,Yes,No,DSL,No,No,No,No,No,No,Month-to-month,Yes,Mailed check,45.7,45.7,Yes,1,95,2295,Competitor offered higher download speeds,2024-07-12 21:10:57.948847
5644-PDMZC,1,United States,California,Delano,93215,"35.772244, -119.209689",35.772244,-119.209689,Female,Yes,No,No,2,Yes,Yes,Fiber optic,No,Yes,No,No,No,Yes,Month-to-month,No,Electronic check,89.5,161.5,Yes,1,80,2065,Competitor offered higher download speeds,2024-07-12 21:10:57.948847
9576-ANLXO,1,United States,California,Earlimart,93219,"35.858054, -119.305858",35.858054,-119.305858,Female,No,No,No,3,Yes,No,Fiber optic,No,No,No,No,No,No,Month-to-month,Yes,Bank transfer (automatic),69.55,222.3,Yes,1,87,2876,Competitor offered higher download speeds,2024-07-12 21:10:57.948847
2024-BASKD,1,United States,California,Exeter,93221,"36.301689, -119.018233",36.301689,-119.018233,Female,No,No,No,1,Yes,No,Fiber optic,No,No,Yes,No,No,No,Month-to-month,Yes,Mailed check,74.6,74.6,Yes,1,94,3860,Competitor offered more data,2024-07-12 21:10:57.948847
4160-AMJTL,1,United States,California,Fellows,93224,"35.215731, -119.57013",35.215731,-119.57013,Female,Yes,No,No,8,Yes,No,No,No internet service,No internet service,No internet service,No internet service,No internet service,No internet service,Month-to-month,No,Electronic check,19.65,164.3,Yes,1,83,5432,Competitor offered more data,2024-07-12 21:10:57.948847
4464-JCOLN,1,United States,California,Huron,93234,"36.217864, -120.080117",36.217864,-120.080117,Male,No,Yes,No,2,Yes,No,No,No internet service,No internet service,No internet service,No internet service,No internet service,No internet service,One year,No,Mailed check,19.85,35.9,Yes,1,68,2362,Competitor offered more data,2024-07-12 21:10:57.948847
5650-VDUDS,1,United States,California,Kernville,93238,"35.852892, -118.397782",35.852892,-118.397782,Female,No,No,No,4,No,No phone service,DSL,No,No,No,No,No,No,Month-to-month,Yes,Mailed check,24.25,96.05,Yes,1,93,2038,Competitor made better offer,2024-07-12 21:10:57.948847
7538-GWHML,1,United States,California,Lemon Cove,93244,"36.462671, -118.997291",36.462671,-118.997291,Female,No,No,No,2,Yes,No,Fiber optic,No,No,No,No,No,No,Month-to-month,No,Electronic check,69.65,145.15,Yes,1,80,2323,Competitor made better offer,2024-07-12 21:10:57.948847
3859-CVCET,1,United States,California,Lindsay,93247,"36.205465, -119.085807",36.205465,-119.085807,Female,No,No,No,4,Yes,No,DSL,No,No,No,No,No,No,Month-to-month,No,Mailed check,45.65,191.05,Yes,1,78,2864,Competitor had better devices,2024-07-12 21:10:57.948847
3276-HDUEG,1,United States,California,Maricopa,93252,"34.737031, -119.460557",34.737031,-119.460557,Female,No,No,No,1,Yes,Yes,Fiber optic,No,No,No,No,No,No,Month-to-month,Yes,Mailed check,75.05,75.05,Yes,1,78,4838,Competitor offered higher download speeds,2024-07-12 21:10:57.948847
0823-HSCDJ,1,United States,California,Onyx,93255,"35.676978, -118.101378",35.676978,-118.101378,Male,Yes,No,No,52,No,No phone service,DSL,No,Yes,No,No,Yes,Yes,Month-to-month,Yes,Electronic check,49.15,2550.9,Yes,1,90,5597,Competitor offered more data,2024-07-12 21:10:57.948847
0822-GAVAP,1,United States,California,Posey,93260,"35.861928, -118.636698",35.861928,-118.636698,Female,No,No,No,2,No,No phone service,DSL,No,No,No,No,No,Yes,Month-to-month,Yes,Electronic check,34.7,62.25,Yes,1,65,3146,Competitor made better offer,2024-07-12 21:10:57.948847
1448-PWKYE,1,United States,California,Shafter,93263,"35.490705, -119.286833",35.490705,-119.286833,Male,No,Yes,No,1,Yes,No,Fiber optic,No,No,No,No,No,Yes,Month-to-month,No,Electronic check,80.0,80,Yes,1,88,2046,Competitor had better devices,2024-07-12 21:10:57.948847
0067-DKWBL,1,United States,California,Tipton,93272,"36.047414, -119.344304",36.047414,-119.344304,Male,Yes,No,No,2,Yes,No,DSL,Yes,No,No,No,No,No,Month-to-month,Yes,Electronic check,49.25,91.1,Yes,1,89,3475,Competitor had better devices,2024-07-12 21:10:57.948847
2276-YDAVZ,1,United States,California,Wofford Heights,93285,"35.690535, -118.552784",35.690535,-118.552784,Female,No,No,No,3,Yes,Yes,Fiber optic,No,No,No,No,No,No,Month-to-month,Yes,Credit card (automatic),75.1,270.7,Yes,1,69,4965,Competitor offered higher download speeds,2024-07-12 21:10:57.948847
5896-NPFWW,1,United States,California,Visalia,93292,"36.37559, -119.211689",36.37559,-119.211689,Male,No,Yes,No,3,Yes,No,DSL,No,No,Yes,No,No,No,Month-to-month,Yes,Electronic check,50.15,168.15,Yes,1,86,3273,Competitor offered higher download speeds,2024-07-12 21:10:57.948847
7133-VBDCG,1,United States,California,Bakersfield,93311,"35.16207, -119.194488",35.16207,-119.194488,Female,No,No,No,25,Yes,No,Fiber optic,Yes,Yes,No,No,No,No,Month-to-month,Yes,Bank transfer (automatic),79.85,2015.35,Yes,1,85,4535,Competitor offered higher download speeds,2024-07-12 21:10:57.948847
1029-QFBEN,1,United States,California,San Luis Obispo,93405,"35.236549, -120.727344",35.236549,-120.727344,Male,No,No,No,1,Yes,No,No,No internet service,No internet service,No internet service,No internet service,No internet service,No internet service,Month-to-month,No,Mailed check,19.55,19.55,Yes,1,66,3556,Competitor offered more data,2024-07-12 21:10:57.948847
4952-YSOGZ,1,United States,California,Lompoc,93436,"34.601055, -120.382917",34.601055,-120.382917,Female,No,Yes,No,4,Yes,Yes,Fiber optic,No,No,No,No,No,Yes,Month-to-month,Yes,Electronic check,85.95,381.3,Yes,1,74,5640,Competitor offered more data,2024-07-12 21:10:57.948847
1589-AGTLK,1,United States,California,Lompoc,93437,"34.757477, -120.550507",34.757477,-120.550507,Male,No,No,No,3,Yes,No,DSL,No,No,No,No,No,No,Month-to-month,Yes,Electronic check,45.35,141.5,Yes,1,67,2450,Competitor offered more data,2024-07-12 21:10:57.948847
5244-IRFIH,1,United States,California,Los Alamos,93440,"34.758699, -120.275839",34.758699,-120.275839,Male,Yes,Yes,No,33,Yes,Yes,Fiber optic,No,No,No,No,Yes,Yes,Month-to-month,Yes,Electronic check,94.5,3105.55,Yes,1,96,4333,Competitor made better offer,2024-07-12 21:10:57.948847
2684-EIWEO,1,United States,California,Oceano,93445,"35.059695, -120.604741",35.059695,-120.604741,Female,Yes,No,No,30,Yes,Yes,Fiber optic,Yes,Yes,Yes,No,No,No,Month-to-month,No,Credit card (automatic),91.7,2758.15,Yes,1,97,2482,Competitor made better offer,2024-07-12 21:10:57.948847
6439-GTPCA,1,United States,California,Pismo Beach,93449,"35.165668, -120.655842",35.165668,-120.655842,Female,No,No,No,45,Yes,Yes,Fiber optic,No,No,Yes,Yes,No,No,Month-to-month,Yes,Electronic check,87.25,3941.7,Yes,1,73,5269,Competitor had better devices,2024-07-12 21:10:57.948847
5138-WVKYJ,1,United States,California,Mojave,93501,"35.097323, -118.171288",35.097323,-118.171288,Male,No,No,No,10,Yes,Yes,Fiber optic,Yes,No,No,No,Yes,Yes,Month-to-month,No,Electronic check,98.55,1008.55,Yes,1,80,3658,Competitor offered higher download speeds,2024-07-12 21:10:57.948847
6683-VLCTZ,1,United States,California,Johannesburg,93528,"35.363339, -117.637641",35.363339,-117.637641,Male,Yes,No,No,20,Yes,Yes,Fiber optic,No,No,Yes,No,Yes,Yes,Month-to-month,Yes,Electronic check,98.55,1842.8,Yes,1,92,5444,Competitor offered more data,2024-07-12 21:10:57.948847
2189-WWOEW,1,United States,California,Keene,93531,"35.214982, -118.59049",35.214982,-118.59049,Female,No,No,No,15,Yes,No,Fiber optic,No,Yes,No,No,No,Yes,Month-to-month,Yes,Bank transfer (automatic),85.9,1269.55,Yes,1,96,3579,Don't know,2024-07-12 21:10:57.948847
1894-IGFSG,1,United States,California,Lancaster,93535,"34.712708, -117.889656",34.712708,-117.889656,Female,No,No,No,22,Yes,No,Fiber optic,No,No,No,No,Yes,Yes,Month-to-month,No,Electronic check,89.25,1907.85,Yes,1,82,3161,Competitor had better devices,2024-07-12 21:10:57.948847
7379-POKDZ,1,United States,California,Lancaster,93536,"34.741406, -118.38111",34.741406,-118.38111,Male,No,Yes,No,3,Yes,No,Fiber optic,No,No,No,No,No,No,Month-to-month,Yes,Electronic check,70.3,208.85,Yes,1,66,3038,Competitor had better devices,2024-07-12 21:10:57.948847
0236-HFWSV,1,United States,California,Palmdale,93552,"34.557711, -118.029441",34.557711,-118.029441,Male,No,No,No,15,Yes,Yes,Fiber optic,No,No,No,No,Yes,Yes,Month-to-month,Yes,Electronic check,93.35,1444.65,Yes,1,77,5264,Competitor offered higher download speeds,2024-07-12 21:10:57.948847
3900-AQPHZ,1,United States,California,Pearblossom,93553,"34.445239, -117.894868",34.445239,-117.894868,Female,No,No,No,1,Yes,No,No,No internet service,No internet service,No internet service,No internet service,No internet service,No internet service,Month-to-month,No,Mailed check,19.9,19.9,Yes,1,100,4248,Competitor offered higher download speeds,2024-07-12 21:10:57.948847
5842-POCOP,1,United States,California,Randsburg,93554,"35.405722, -117.773354",35.405722,-117.773354,Female,No,Yes,No,5,Yes,No,Fiber optic,Yes,No,Yes,No,No,Yes,Month-to-month,Yes,Mailed check,88.9,454.15,Yes,1,79,4356,Competitor offered higher download speeds,2024-07-12 21:10:57.948847
2037-XJFUP,1,United States,California,Ridgecrest,93555,"35.603913, -117.67828",35.603913,-117.67828,Male,No,Yes,No,33,Yes,No,Fiber optic,No,No,Yes,No,Yes,Yes,One year,Yes,Electronic check,95.8,3036.75,Yes,1,76,4161,Competitor offered more data,2024-07-12 21:10:57.948847
7314-OXENN,1,United States,California,Trona,93562,"35.74837, -117.384948",35.74837,-117.384948,Male,No,No,No,2,Yes,Yes,Fiber optic,No,Yes,No,No,No,No,Month-to-month,Yes,Electronic check,82.0,184.65,Yes,1,97,3051,Competitor offered more data,2024-07-12 21:10:57.948847
0322-CHQRU,1,United States,California,Palmdale,93591,"34.598221, -117.79593",34.598221,-117.79593,Male,No,No,No,2,Yes,No,DSL,No,No,No,No,No,No,Month-to-month,No,Electronic check,45.35,89.5,Yes,1,81,3478,Competitor offered more data,2024-07-12 21:10:57.948847
4678-DVQEO,1,United States,California,Bass Lake,93604,"37.458367, -119.345011",37.458367,-119.345011,Female,No,No,No,1,Yes,No,DSL,No,No,No,Yes,No,No,Month-to-month,Yes,Electronic check,52.2,52.2,Yes,1,71,4138,Competitor made better offer,2024-07-12 21:10:57.948847
0691-IFBQW,1,United States,California,Biola,93606,"36.798882, -120.019511",36.798882,-120.019511,Female,Yes,No,No,46,Yes,Yes,Fiber optic,Yes,Yes,Yes,No,Yes,Yes,One year,Yes,Electronic check,110.0,4874.8,Yes,1,81,2403,Competitor made better offer,2024-07-12 21:10:57.948847
3009-JWMPU,1,United States,California,Five Points,93624,"36.397745, -120.119911",36.397745,-120.119911,Male,No,No,No,62,Yes,Yes,Fiber optic,No,No,Yes,No,Yes,Yes,One year,Yes,Electronic check,96.75,6125.4,Yes,1,92,5016,Attitude of service provider,2024-07-12 21:10:57.948847
1450-GALXR,1,United States,California,Friant,93626,"37.027663, -119.69056",37.027663,-119.69056,Female,No,No,No,10,Yes,Yes,Fiber optic,No,No,No,Yes,Yes,Yes,Month-to-month,Yes,Electronic check,98.5,1058.25,Yes,1,74,5184,Attitude of service provider,2024-07-12 21:10:57.948847
3138-BKYAV,1,United States,California,Kerman,93630,"36.727418, -120.123526",36.727418,-120.123526,Male,No,No,No,6,Yes,No,Fiber optic,No,Yes,No,No,Yes,No,Month-to-month,Yes,Electronic check,85.35,489.45,Yes,1,75,4694,Attitude of service provider,2024-07-12 21:10:57.948847
4289-DTDKW,1,United States,California,Madera,93637,"36.902954, -120.194274",36.902954,-120.194274,Male,No,Yes,No,40,Yes,Yes,Fiber optic,No,Yes,No,No,Yes,Yes,Month-to-month,Yes,Electronic check,101.3,4113.1,Yes,1,70,2576,Attitude of support person,2024-07-12 21:10:57.948847
1820-TQVEV,1,United States,California,Madera,93638,"37.004068, -119.930027",37.004068,-119.930027,Male,No,No,No,1,Yes,No,Fiber optic,No,No,No,No,No,No,Month-to-month,Yes,Electronic check,69.55,69.55,Yes,1,76,3042,Attitude of support person,2024-07-12 21:10:57.948847
2239-JALAW,1,United States,California,Mendota,93640,"36.687292, -120.437354",36.687292,-120.437354,Male,No,No,No,58,Yes,Yes,Fiber optic,No,Yes,Yes,No,Yes,Yes,One year,Yes,Bank transfer (automatic),103.25,6017.65,Yes,1,74,6105,Attitude of support person,2024-07-12 21:10:57.948847
4853-RULSV,1,United States,California,Miramonte,93641,"36.696759, -119.024051",36.696759,-119.024051,Male,No,No,No,70,Yes,Yes,Fiber optic,Yes,No,No,Yes,Yes,Yes,Two year,Yes,Credit card (automatic),104.0,7250.15,Yes,1,80,4544,Attitude of service provider,2024-07-12 21:10:57.948847
6275-YDUVO,1,United States,California,Orosi,93647,"36.600185, -119.175655",36.600185,-119.175655,Female,No,No,No,2,Yes,No,Fiber optic,No,No,Yes,No,No,Yes,Month-to-month,Yes,Mailed check,86.2,178.7,Yes,1,95,2969,Attitude of service provider,2024-07-12 21:10:57.948847
0115-TFERT,1,United States,California,Fresno,93650,"36.841655, -119.797113",36.841655,-119.797113,Male,No,Yes,No,21,Yes,Yes,Fiber optic,No,Yes,Yes,Yes,Yes,Yes,Month-to-month,Yes,Electronic check,111.2,2317.1,Yes,1,89,4123,Attitude of service provider,2024-07-12 21:10:57.948847
2311-QYMUQ,1,United States,California,San Joaquin,93660,"36.600193, -120.153393",36.600193,-120.153393,Female,No,Yes,No,16,Yes,No,Fiber optic,No,Yes,Yes,No,Yes,No,Month-to-month,Yes,Credit card (automatic),89.45,1430.25,Yes,1,73,3696,Attitude of support person,2024-07-12 21:10:57.948847
3643-AHCFP,1,United States,California,Selma,93662,"36.545322, -119.642281",36.545322,-119.642281,Male,Yes,Yes,No,7,Yes,Yes,Fiber optic,No,No,No,No,Yes,Yes,Month-to-month,Yes,Bank transfer (automatic),95.6,644.35,Yes,1,83,3265,Competitor made better offer,2024-07-12 21:10:57.948847
3104-OWCGK,1,United States,California,South Dos Palos,93665,"36.959731, -120.653519",36.959731,-120.653519,Male,No,Yes,No,60,Yes,No,Fiber optic,No,Yes,Yes,No,Yes,No,One year,No,Electronic check,90.95,5453.4,Yes,1,76,4111,Moved,2024-07-12 21:10:57.948847
9101-BWFSS,1,United States,California,Tollhouse,93667,"36.993666, -119.348267",36.993666,-119.348267,Female,No,Yes,No,50,Yes,Yes,Fiber optic,Yes,Yes,No,Yes,Yes,Yes,One year,No,Electronic check,108.55,5610.7,Yes,1,82,4274,Moved,2024-07-12 21:10:57.948847
9231-ZJYAM,1,United States,California,Squaw Valley,93675,"36.719141, -119.202677",36.719141,-119.202677,Female,Yes,No,No,4,Yes,No,Fiber optic,No,No,No,No,Yes,No,Month-to-month,Yes,Electronic check,78.85,292.8,Yes,1,72,5301,Moved,2024-07-12 21:10:57.948847
6982-SSHFK,1,United States,California,Fresno,93703,"36.768774, -119.762633",36.768774,-119.762633,Male,No,No,No,1,Yes,No,DSL,No,No,No,No,No,No,Month-to-month,No,Mailed check,44.4,44.4,Yes,1,89,3522,Competitor offered higher download speeds,2024-07-12 21:10:57.948847
0727-BMPLR,1,United States,California,Fresno,93706,"36.654614, -119.903674",36.654614,-119.903674,Female,Yes,No,No,55,Yes,Yes,Fiber optic,No,No,Yes,No,Yes,Yes,One year,Yes,Electronic check,100.0,5509.3,Yes,1,83,5679,Competitor offered higher download speeds,2024-07-12 21:10:57.948847
1038-ZAGBI,1,United States,California,Fresno,93711,"36.833002, -119.82947",36.833002,-119.82947,Female,No,Yes,No,12,Yes,No,No,No internet service,No internet service,No internet service,No internet service,No internet service,No internet service,One year,No,Bank transfer (automatic),19.8,229.6,Yes,1,94,2653,Competitor offered higher download speeds,2024-07-12 21:10:57.948847
3027-ZTDHO,1,United States,California,Fresno,93721,"36.732694, -119.783786",36.732694,-119.783786,Male,No,No,No,1,Yes,No,Fiber optic,No,No,No,No,Yes,Yes,Month-to-month,Yes,Electronic check,89.9,89.9,Yes,1,80,5951,Don't know,2024-07-12 21:10:57.948847
2382-BCKQJ,1,United States,California,Big Sur,93920,"36.092975, -121.549826",36.092975,-121.549826,Female,No,No,No,62,Yes,Yes,Fiber optic,No,No,Yes,No,Yes,Yes,One year,Yes,Electronic check,100.15,6413.65,Yes,1,91,5600,Competitor offered higher download speeds,2024-07-12 21:10:57.948847
2207-NHRJK,1,United States,California,Carmel,93923,"36.460611, -121.852507",36.460611,-121.852507,Male,No,No,No,1,Yes,No,DSL,No,Yes,No,No,No,No,Month-to-month,No,Electronic check,50.8,50.8,Yes,1,85,3718,Competitor offered higher download speeds,2024-07-12 21:10:57.948847
0947-MUGVO,1,United States,California,Jolon,93928,"35.930782, -121.189757",35.930782,-121.189757,Male,Yes,Yes,No,20,Yes,No,Fiber optic,No,Yes,No,No,No,No,Month-to-month,Yes,Electronic check,73.65,1463.5,Yes,1,95,5849,Competitor offered higher download speeds,2024-07-12 21:10:57.948847
9944-HKVVB,1,United States,California,King City,93930,"36.220761, -120.980777",36.220761,-120.980777,Female,No,No,No,3,Yes,No,Fiber optic,No,Yes,No,No,Yes,Yes,Month-to-month,Yes,Electronic check,95.1,307.4,Yes,1,77,5861,Competitor offered higher download speeds,2024-07-12 21:10:57.948847
4124-MMETB,1,United States,California,Lockwood,93932,"35.989792, -121.055933",35.989792,-121.055933,Male,No,No,No,22,Yes,Yes,Fiber optic,No,No,No,No,Yes,Yes,Month-to-month,Yes,Credit card (automatic),94.65,2104.55,Yes,1,85,3665,Competitor offered higher download speeds,2024-07-12 21:10:57.948847
3671-SHRSP,1,United States,California,Marina,93933,"36.689582, -121.758398",36.689582,-121.758398,Male,No,Yes,No,4,Yes,No,Fiber optic,No,No,Yes,Yes,No,No,Month-to-month,Yes,Mailed check,80.6,319.15,Yes,1,86,3080,Competitor offered more data,2024-07-12 21:10:57.948847
3313-QKNKB,1,United States,California,Pebble Beach,93953,"36.587497, -121.944815",36.587497,-121.944815,Male,No,Yes,No,59,Yes,Yes,Fiber optic,No,No,No,No,No,Yes,One year,No,Electronic check,85.55,5084.65,Yes,1,80,6304,Competitor offered more data,2024-07-12 21:10:57.948847
5073-WXOYN,1,United States,California,Belmont,94002,"37.509366, -122.306132",37.509366,-122.306132,Female,No,No,No,60,No,No phone service,DSL,No,Yes,No,No,Yes,Yes,Month-to-month,Yes,Electronic check,50.8,3027.4,Yes,1,67,4941,Competitor offered more data,2024-07-12 21:10:57.948847
0207-MDKNV,1,United States,California,Daly City,94014,"37.691561, -122.445202",37.691561,-122.445202,Female,No,No,No,15,Yes,No,Fiber optic,Yes,No,Yes,Yes,Yes,Yes,Month-to-month,No,Electronic check,105.1,1582.75,Yes,1,84,2122,Competitor made better offer,2024-07-12 21:10:57.948847
9851-KIELU,1,United States,California,Loma Mar,94021,"37.266388, -122.26308",37.266388,-122.26308,Male,No,No,No,10,Yes,No,Fiber optic,Yes,Yes,Yes,Yes,Yes,Yes,Month-to-month,Yes,Electronic check,110.1,1043.3,Yes,1,76,5803,Competitor made better offer,2024-07-12 21:10:57.948847
3908-BLSYF,1,United States,California,Los Altos,94024,"37.352911, -122.093002",37.352911,-122.093002,Female,No,No,No,6,Yes,No,Fiber optic,No,No,Yes,No,No,Yes,Month-to-month,No,Electronic check,83.9,497.55,Yes,1,97,3962,Price too high,2024-07-12 21:10:57.948847
7549-MYGPK,1,United States,California,Mountain View,94040,"37.380662, -122.086022",37.380662,-122.086022,Female,No,Yes,No,63,Yes,Yes,Fiber optic,Yes,Yes,Yes,No,Yes,No,Month-to-month,Yes,Electronic check,100.55,6215.35,Yes,1,79,5413,Price too high,2024-07-12 21:10:57.948847
3804-RVTGV,1,United States,California,Mountain View,94043,"37.419725, -122.062947",37.419725,-122.062947,Male,No,Yes,No,50,Yes,Yes,Fiber optic,No,Yes,Yes,No,Yes,Yes,Month-to-month,Yes,Bank transfer (automatic),103.85,5017.9,Yes,1,100,5812,Price too high,2024-07-12 21:10:57.948847
9227-LUNBG,1,United States,California,Pescadero,94060,"37.22565, -122.297533",37.22565,-122.297533,Female,No,No,No,1,No,No phone service,DSL,No,No,No,No,No,No,Month-to-month,No,Electronic check,24.6,24.6,Yes,1,76,5768,Price too high,2024-07-12 21:10:57.948847
4315-MURBD,1,United States,California,San Bruno,94066,"37.624436, -122.430661",37.624436,-122.430661,Female,No,No,No,12,Yes,No,Fiber optic,Yes,No,No,Yes,Yes,Yes,Month-to-month,Yes,Bank transfer (automatic),98.9,1120.95,Yes,1,71,5559,Price too high,2024-07-12 21:10:57.948847
9734-YWGEX,1,United States,California,South San Francisco,94080,"37.654436, -122.426468",37.654436,-122.426468,Female,No,No,No,9,Yes,Yes,Fiber optic,No,No,Yes,No,Yes,Yes,Month-to-month,No,Credit card (automatic),98.3,923.5,Yes,1,81,2954,Price too high,2024-07-12 21:10:57.948847
2719-BDAQO,1,United States,California,Sunnyvale,94086,"37.378541, -122.020456",37.378541,-122.020456,Male,No,No,No,17,Yes,No,Fiber optic,Yes,No,No,No,Yes,Yes,Month-to-month,No,Electronic check,93.85,1625.65,Yes,1,93,4940,Price too high,2024-07-12 21:10:57.948847
0781-LKXBR,1,United States,California,San Francisco,94102,"37.7795, -122.419233",37.7795,-122.419233,Male,Yes,No,No,9,Yes,Yes,Fiber optic,No,No,Yes,No,Yes,Yes,Month-to-month,Yes,Electronic check,100.5,918.6,Yes,1,70,4038,Price too high,2024-07-12 21:10:57.948847
1907-UBQFC,1,United States,California,San Francisco,94108,"37.791998, -122.408653",37.791998,-122.408653,Male,Yes,No,No,10,Yes,No,Fiber optic,No,Yes,No,No,No,No,Month-to-month,Yes,Electronic check,72.85,688.65,Yes,1,99,3189,Price too high,2024-07-12 21:10:57.948847
6513-EECDB,1,United States,California,San Francisco,94114,"37.758085, -122.434801",37.758085,-122.434801,Male,Yes,Yes,No,1,Yes,Yes,Fiber optic,No,No,No,No,No,No,Month-to-month,Yes,Electronic check,73.55,73.55,Yes,1,94,4369,Price too high,2024-07-12 21:10:57.948847
7074-IEVOJ,1,United States,California,San Francisco,94130,"37.820894, -122.369725",37.820894,-122.369725,Female,Yes,No,No,3,Yes,Yes,Fiber optic,No,Yes,No,No,No,No,Month-to-month,Yes,Electronic check,79.4,205.05,Yes,1,91,3501,Product dissatisfaction,2024-07-12 21:10:57.948847
9625-QSTYE,1,United States,California,San Francisco,94131,"37.746699, -122.442833",37.746699,-122.442833,Female,No,No,No,13,Yes,No,Fiber optic,No,Yes,Yes,No,No,No,Month-to-month,Yes,Electronic check,81.15,952.3,Yes,1,79,4806,Service dissatisfaction,2024-07-12 21:10:57.948847
4750-ZRXIU,1,United States,California,Palo Alto,94304,"37.386978, -122.177746",37.386978,-122.177746,Female,Yes,No,No,4,Yes,Yes,Fiber optic,No,No,No,No,No,Yes,Month-to-month,Yes,Electronic check,84.6,360.1,Yes,1,83,2467,Lack of self-service on Website,2024-07-12 21:10:57.948847
6400-BWQKW,1,United States,California,San Mateo,94402,"37.556634, -122.317723",37.556634,-122.317723,Female,No,No,No,6,Yes,Yes,Fiber optic,Yes,No,No,No,No,No,Month-to-month,Yes,Electronic check,79.05,434.5,Yes,1,99,3263,Network reliability,2024-07-12 21:10:57.948847
6680-WKXRZ,1,United States,California,Antioch,94509,"37.980057, -121.801599",37.980057,-121.801599,Female,No,No,No,3,Yes,Yes,Fiber optic,No,No,No,No,No,No,Month-to-month,No,Bank transfer (automatic),74.4,215.8,Yes,1,97,2054,Don't know,2024-07-12 21:10:57.948847
7028-DVOIQ,1,United States,California,Birds Landing,94512,"38.140719, -121.838298",38.140719,-121.838298,Male,Yes,No,No,35,Yes,Yes,Fiber optic,No,No,Yes,No,Yes,Yes,Month-to-month,Yes,Electronic check,99.05,3395.8,Yes,1,82,2074,Don't know,2024-07-12 21:10:57.948847
4208-UFFGW,1,United States,California,Byron,94514,"37.83323, -121.601461",37.83323,-121.601461,Male,Yes,No,No,2,Yes,No,DSL,No,No,No,No,No,No,Month-to-month,No,Mailed check,44.95,85.15,Yes,1,84,5900,Don't know,2024-07-12 21:10:57.948847
9448-REEVD,1,United States,California,Concord,94520,"38.013825, -122.039144",38.013825,-122.039144,Male,No,Yes,No,1,Yes,No,DSL,No,No,No,No,No,No,Month-to-month,No,Credit card (automatic),44.7,44.7,Yes,1,74,3700,Don't know,2024-07-12 21:10:57.948847
9117-SHLZX,1,United States,California,Fremont,94538,"37.505768, -121.962472",37.505768,-121.962472,Male,No,No,No,1,Yes,No,DSL,No,No,No,No,No,No,Month-to-month,Yes,Mailed check,45.7,45.7,Yes,1,72,3571,Poor expertise of phone support,2024-07-12 21:10:57.948847
9889-TMAHG,1,United States,California,Fremont,94539,"37.516791, -121.899117",37.516791,-121.899117,Male,Yes,No,No,8,Yes,No,Fiber optic,Yes,No,No,Yes,Yes,Yes,Month-to-month,No,Credit card (automatic),100.3,832.35,Yes,1,74,5084,Competitor had better devices,2024-07-12 21:10:57.948847
4541-RMRLG,1,United States,California,Hayward,94541,"37.674002, -122.076796",37.674002,-122.076796,Male,No,No,No,7,Yes,No,No,No internet service,No internet service,No internet service,No internet service,No internet service,No internet service,Month-to-month,No,Electronic check,19.25,112.3,Yes,1,82,4489,Competitor offered higher download speeds,2024-07-12 21:10:57.948847
3158-MOERK,1,United States,California,Hayward,94545,"37.62984, -122.120843",37.62984,-122.120843,Female,No,No,No,2,Yes,Yes,Fiber optic,No,No,No,No,Yes,Yes,Month-to-month,Yes,Electronic check,96.0,174.8,Yes,1,83,3391,Competitor offered more data,2024-07-12 21:10:57.948847
7294-TMAOP,1,United States,California,Castro Valley,94546,"37.708327, -122.083473",37.708327,-122.083473,Female,No,No,No,1,Yes,No,Fiber optic,No,No,No,No,Yes,Yes,Month-to-month,No,Electronic check,90.55,90.55,Yes,1,72,2627,Competitor made better offer,2024-07-12 21:10:57.948847
8919-FYFQZ,1,United States,California,Livermore,94550,"37.571748, -121.659562",37.571748,-121.659562,Male,Yes,Yes,No,44,No,No phone service,DSL,No,Yes,No,No,No,No,Month-to-month,Yes,Electronic check,30.35,1359.7,Yes,1,96,4829,Competitor had better devices,2024-07-12 21:10:57.948847
2834-JRTUA,1,United States,California,Martinez,94553,"38.014457, -122.115432",38.014457,-122.115432,Male,No,No,No,71,Yes,Yes,Fiber optic,Yes,No,Yes,Yes,Yes,Yes,Two year,Yes,Electronic check,108.05,7532.15,Yes,1,81,5200,Competitor had better devices,2024-07-12 21:10:57.948847
5875-YPQFJ,1,United States,California,Fremont,94555,"37.555473, -122.080312",37.555473,-122.080312,Male,No,No,No,1,Yes,No,Fiber optic,No,No,No,No,No,No,Month-to-month,Yes,Electronic check,69.9,69.9,Yes,1,84,5367,Competitor offered higher download speeds,2024-07-12 21:10:57.948847
6646-QVXLR,1,United States,California,Napa,94558,"38.489789, -122.27011",38.489789,-122.27011,Male,Yes,Yes,No,62,Yes,Yes,Fiber optic,No,Yes,Yes,No,Yes,Yes,One year,Yes,Electronic check,103.75,6383.35,Yes,1,91,5052,Competitor offered higher download speeds,2024-07-12 21:10:57.948847
8603-IJWDN,1,United States,California,Pinole,94564,"37.996462, -122.293716",37.996462,-122.293716,Male,No,No,No,1,Yes,Yes,Fiber optic,No,No,No,No,No,Yes,Month-to-month,Yes,Electronic check,86.6,86.6,Yes,1,93,5228,Competitor offered higher download speeds,2024-07-12 21:10:57.948847
9369-XFEHK,1,United States,California,Pleasanton,94566,"37.633361, -121.862395",37.633361,-121.862395,Female,Yes,Yes,No,33,Yes,Yes,Fiber optic,No,Yes,No,No,No,No,Month-to-month,Yes,Bank transfer (automatic),80.6,2656.5,Yes,1,72,3601,Competitor offered more data,2024-07-12 21:10:57.948847
3842-IYKUE,1,United States,California,San Leandro,94579,"37.687264, -122.15728",37.687264,-122.15728,Female,No,No,No,35,Yes,Yes,Fiber optic,No,Yes,No,Yes,No,No,Month-to-month,No,Credit card (automatic),85.3,2917.5,Yes,1,88,2455,Competitor offered more data,2024-07-12 21:10:57.948847
6641-XRPSU,1,United States,California,San Lorenzo,94580,"37.676249, -122.132415",37.676249,-122.132415,Female,No,No,No,34,Yes,No,Fiber optic,No,No,No,No,No,No,Month-to-month,Yes,Credit card (automatic),70.0,2416.1,Yes,1,93,2318,Competitor offered more data,2024-07-12 21:10:57.948847
1374-DMZUI,1,United States,California,San Ramon,94583,"37.766556, -121.976784",37.766556,-121.976784,Female,Yes,No,No,4,Yes,Yes,Fiber optic,No,No,No,No,Yes,Yes,Month-to-month,Yes,Electronic check,94.3,424.45,Yes,1,99,5419,Competitor made better offer,2024-07-12 21:10:57.948847
8357-EQXFO,1,United States,California,Union City,94587,"37.59485, -122.051521",37.59485,-122.051521,Female,No,No,No,7,Yes,No,Fiber optic,No,No,Yes,No,Yes,Yes,Month-to-month,Yes,Electronic check,95.35,660.9,Yes,1,92,3077,Competitor made better offer,2024-07-12 21:10:57.948847
1989-PRJHP,1,United States,California,Pleasanton,94588,"37.685052, -121.912061",37.685052,-121.912061,Male,Yes,Yes,No,27,Yes,Yes,Fiber optic,No,No,No,No,No,No,Month-to-month,Yes,Electronic check,75.5,1893.95,Yes,1,65,2377,Competitor had better devices,2024-07-12 21:10:57.948847
9524-EGPJC,1,United States,California,Walnut Creek,94595,"37.862128, -122.075197",37.862128,-122.075197,Female,No,No,No,18,Yes,Yes,Fiber optic,No,No,No,Yes,No,Yes,Month-to-month,Yes,Electronic check,90.1,1612.75,Yes,1,80,4260,Competitor offered higher download speeds,2024-07-12 21:10:57.948847
6993-OHLXR,1,United States,California,Walnut Creek,94596,"37.900662, -122.052782",37.900662,-122.052782,Female,No,No,No,2,Yes,No,Fiber optic,No,No,No,No,No,No,Month-to-month,No,Electronic check,68.95,119.75,Yes,1,84,5225,Competitor offered more data,2024-07-12 21:10:57.948847
8818-XYFCQ,1,United States,California,Walnut Creek,94598,"37.916648, -122.008483",37.916648,-122.008483,Male,No,Yes,No,32,Yes,Yes,Fiber optic,Yes,No,No,No,Yes,Yes,Month-to-month,Yes,Credit card (automatic),99.55,3204.65,Yes,1,71,5026,Competitor made better offer,2024-07-12 21:10:57.948847
4695-VADHF,1,United States,California,Oakland,94606,"37.792489, -122.244314",37.792489,-122.244314,Male,No,Yes,No,18,Yes,No,DSL,No,No,Yes,No,No,Yes,Month-to-month,No,Electronic check,57.45,990.85,Yes,1,84,2989,Competitor had better devices,2024-07-12 21:10:57.948847
3863-IUBJR,1,United States,California,Oakland,94607,"37.80707, -122.297401",37.80707,-122.297401,Male,No,Yes,No,12,Yes,No,DSL,No,No,No,No,No,Yes,One year,No,Credit card (automatic),53.65,696.35,Yes,1,78,2595,Competitor had better devices,2024-07-12 21:10:57.948847
4822-RVYBB,1,United States,California,Berkeley,94704,"37.871416, -122.246597",37.871416,-122.246597,Male,Yes,No,No,8,Yes,Yes,Fiber optic,No,No,Yes,No,Yes,Yes,Month-to-month,Yes,Electronic check,100.6,819.4,Yes,1,90,5906,Competitor offered higher download speeds,2024-07-12 21:10:57.948847
8436-BJUMM,1,United States,California,Albany,94706,"37.890274, -122.295192",37.890274,-122.295192,Male,No,Yes,No,26,Yes,Yes,Fiber optic,No,No,No,No,Yes,No,Month-to-month,Yes,Electronic check,83.75,2070.6,Yes,1,84,2404,Competitor offered higher download speeds,2024-07-12 21:10:57.948847
4184-TJFAN,1,United States,California,Berkeley,94707,"37.897753, -122.279391",37.897753,-122.279391,Female,Yes,Yes,No,3,Yes,No,Fiber optic,Yes,No,No,Yes,Yes,No,Month-to-month,Yes,Mailed check,88.3,273.75,Yes,1,68,4486,Competitor offered higher download speeds,2024-07-12 21:10:57.948847
4145-UQXUQ,1,United States,California,Berkeley,94710,"37.872902, -122.303708",37.872902,-122.303708,Female,Yes,No,No,8,Yes,No,Fiber optic,No,No,Yes,No,Yes,Yes,Month-to-month,Yes,Electronic check,92.1,729.95,Yes,1,81,5662,Competitor offered more data,2024-07-12 21:10:57.948847
9948-YPTDG,1,United States,California,San Rafael,94903,"38.018065, -122.546024",38.018065,-122.546024,Male,No,Yes,No,38,Yes,No,Fiber optic,Yes,Yes,No,No,No,No,Month-to-month,Yes,Electronic check,79.45,3013.05,Yes,1,85,2405,Competitor offered more data,2024-07-12 21:10:57.948847
1236-WFCDV,1,United States,California,Greenbrae,94904,"37.946617, -122.563571",37.946617,-122.563571,Male,Yes,No,No,14,Yes,No,Fiber optic,No,No,No,No,Yes,Yes,Month-to-month,No,Credit card (automatic),90.45,1266.1,Yes,1,96,4777,Competitor offered more data,2024-07-12 21:10:57.948847
4883-QICIH,1,United States,California,Bodega Bay,94923,"38.377165, -123.037957",38.377165,-123.037957,Male,No,Yes,No,32,Yes,No,Fiber optic,No,No,No,No,No,No,Month-to-month,Yes,Bank transfer (automatic),69.75,2347.9,Yes,1,96,2356,Don't know,2024-07-12 21:10:57.948847
8329-IBCTI,1,United States,California,Cotati,94931,"38.326215, -122.718742",38.326215,-122.718742,Female,No,No,No,1,Yes,No,No,No internet service,No internet service,No internet service,No internet service,No internet service,No internet service,Month-to-month,No,Mailed check,19.65,19.65,Yes,1,99,5881,Competitor made better offer,2024-07-12 21:10:57.948847
1271-SJBGZ,1,United States,California,Forest Knolls,94933,"38.010092, -122.689442",38.010092,-122.689442,Male,Yes,No,No,12,No,No phone service,DSL,No,No,Yes,Yes,No,Yes,Month-to-month,Yes,Electronic check,43.65,526.95,Yes,1,74,2437,Competitor had better devices,2024-07-12 21:10:57.948847
5669-SRAIP,1,United States,California,Larkspur,94939,"37.937082, -122.532369",37.937082,-122.532369,Female,No,No,No,5,No,No phone service,DSL,No,No,Yes,No,No,Yes,Month-to-month,No,Electronic check,39.5,210.75,Yes,1,93,2863,Competitor offered higher download speeds,2024-07-12 21:10:57.948847
5981-ITEMU,1,United States,California,Marshall,94940,"38.129308, -122.834815",38.129308,-122.834815,Male,No,Yes,No,40,Yes,Yes,Fiber optic,No,No,No,No,Yes,Yes,Month-to-month,Yes,Bank transfer (automatic),97.1,3706.95,Yes,1,67,3099,Competitor offered more data,2024-07-12 21:10:57.948847
6941-PMGEP,1,United States,California,Novato,94945,"38.135897, -122.563683",38.135897,-122.563683,Female,No,No,No,5,Yes,No,Fiber optic,No,No,No,No,No,Yes,Month-to-month,Yes,Electronic check,80.0,412.5,Yes,1,97,3937,Competitor made better offer,2024-07-12 21:10:57.948847
1624-WOIWJ,1,United States,California,Nicasio,94946,"38.065359, -122.665566",38.065359,-122.665566,Female,No,No,No,10,Yes,No,Fiber optic,Yes,No,No,No,Yes,No,Month-to-month,Yes,Mailed check,84.7,832.05,Yes,1,69,5686,Competitor had better devices,2024-07-12 21:10:57.948847
2074-GKOWZ,1,United States,California,Novato,94947,"38.112166, -122.634384",38.112166,-122.634384,Male,No,Yes,No,2,Yes,No,Fiber optic,No,No,No,No,Yes,Yes,Month-to-month,Yes,Bank transfer (automatic),89.55,185.55,Yes,1,73,3851,Competitor had better devices,2024-07-12 21:10:57.948847
0376-YMCJC,1,United States,California,Novato,94949,"38.067204, -122.524004",38.067204,-122.524004,Male,No,No,No,23,Yes,Yes,Fiber optic,No,No,No,Yes,Yes,No,Month-to-month,Yes,Electronic check,90.6,1943.2,Yes,1,82,4359,Competitor offered higher download speeds,2024-07-12 21:10:57.948847
0634-SZPQA,1,United States,California,San Anselmo,94960,"37.99272, -122.575026",37.99272,-122.575026,Female,No,No,No,23,Yes,Yes,Fiber optic,Yes,No,No,No,Yes,No,Month-to-month,Yes,Bank transfer (automatic),90.05,2169.8,Yes,1,67,4650,Competitor offered higher download speeds,2024-07-12 21:10:57.948847
5536-RTPWK,1,United States,California,Sausalito,94965,"37.848641, -122.515692",37.848641,-122.515692,Male,No,Yes,No,49,Yes,Yes,Fiber optic,No,Yes,No,No,Yes,Yes,Month-to-month,Yes,Bank transfer (automatic),99.05,4853.75,Yes,1,100,5157,Competitor offered higher download speeds,2024-07-12 21:10:57.948847
6166-ILMNY,1,United States,California,Tomales,94971,"38.240769, -122.901041",38.240769,-122.901041,Female,No,No,No,2,Yes,No,Fiber optic,No,No,No,No,No,No,Month-to-month,No,Bank transfer (automatic),69.75,144.55,Yes,1,68,5667,Competitor offered more data,2024-07-12 21:10:57.948847
3097-NNSPB,1,United States,California,Valley Ford,94972,"38.339996, -122.935056",38.339996,-122.935056,Female,No,No,No,2,Yes,No,DSL,No,Yes,No,No,No,No,Month-to-month,Yes,Credit card (automatic),49.05,91.1,Yes,1,98,2960,Competitor offered more data,2024-07-12 21:10:57.948847
0655-RBDUG,1,United States,California,Alviso,95002,"37.449537, -121.994813",37.449537,-121.994813,Male,No,No,No,7,Yes,Yes,Fiber optic,No,No,Yes,No,Yes,Yes,Month-to-month,Yes,Bank transfer (automatic),98.05,713,Yes,1,86,2561,Competitor offered more data,2024-07-12 21:10:57.948847
4361-BKAXE,1,United States,California,Boulder Creek,95006,"37.171727, -122.142961",37.171727,-122.142961,Female,No,No,No,41,Yes,Yes,Fiber optic,Yes,Yes,Yes,Yes,Yes,Yes,Month-to-month,Yes,Bank transfer (automatic),114.5,4527.45,Yes,1,80,3038,Competitor made better offer,2024-07-12 21:10:57.948847
9878-TNQGW,1,United States,California,Davenport,95017,"37.114335, -122.237162",37.114335,-122.237162,Male,No,No,No,2,Yes,No,Fiber optic,No,No,No,No,No,Yes,Month-to-month,Yes,Electronic check,80.95,171.15,Yes,1,65,3533,Competitor made better offer,2024-07-12 21:10:57.948847
2408-TZMJL,1,United States,California,Gualala,95445,"38.848082, -123.50608",38.848082,-123.50608,Male,No,Yes,No,59,Yes,Yes,Fiber optic,Yes,Yes,Yes,No,Yes,Yes,One year,Yes,Electronic check,110.15,6448.05,Yes,1,97,4601,Network reliability,2024-07-12 21:10:57.948847
4441-NIHPT,1,United States,California,Freedom,95019,"36.936228, -121.785559",36.936228,-121.785559,Female,Yes,No,No,13,Yes,No,Fiber optic,No,No,Yes,No,No,No,Month-to-month,Yes,Electronic check,74.3,940.35,Yes,1,97,2995,Competitor had better devices,2024-07-12 21:10:57.948847
8999-BOHSE,1,United States,California,Gilroy,95020,"37.03889, -121.528955",37.03889,-121.528955,Female,Yes,No,No,11,Yes,No,Fiber optic,No,No,No,No,Yes,Yes,Month-to-month,No,Bank transfer (automatic),89.7,1047.7,Yes,1,89,2202,Competitor offered higher download speeds,2024-07-12 21:10:57.948847
7029-RPUAV,1,United States,California,Los Gatos,95030,"37.222842, -121.988727",37.222842,-121.988727,Male,Yes,Yes,No,17,Yes,Yes,Fiber optic,No,No,Yes,No,Yes,Yes,Month-to-month,Yes,Credit card (automatic),100.45,1622.45,Yes,1,87,5508,Competitor offered more data,2024-07-12 21:10:57.948847
4607-CHPCA,1,United States,California,San Martin,95046,"37.084697, -121.606417",37.084697,-121.606417,Male,No,Yes,No,25,Yes,No,Fiber optic,No,No,No,No,Yes,Yes,One year,Yes,Electronic check,90.4,2178.6,Yes,1,100,5801,Competitor made better offer,2024-07-12 21:10:57.948847
8824-RWFXJ,1,United States,California,Santa Cruz,95062,"36.974575, -121.991149",36.974575,-121.991149,Male,No,Yes,No,3,Yes,No,DSL,No,Yes,Yes,No,No,No,Month-to-month,Yes,Mailed check,56.15,168.15,Yes,1,83,2539,Competitor had better devices,2024-07-12 21:10:57.948847
9763-PDTKK,1,United States,California,San Jose,95112,"37.343827, -121.883119",37.343827,-121.883119,Female,No,No,No,4,Yes,No,Fiber optic,Yes,No,Yes,Yes,No,Yes,Month-to-month,Yes,Bank transfer (automatic),94.4,387.2,Yes,1,74,4249,Competitor had better devices,2024-07-12 21:10:57.948847
7627-JKIAZ,1,United States,California,San Jose,95116,"37.350284, -121.852855",37.350284,-121.852855,Female,No,Yes,No,37,Yes,Yes,Fiber optic,No,No,Yes,No,No,No,Month-to-month,Yes,Credit card (automatic),78.95,2839.65,Yes,1,97,3982,Competitor offered higher download speeds,2024-07-12 21:10:57.948847
4081-DYXAV,1,United States,California,San Jose,95125,"37.294926, -121.894763",37.294926,-121.894763,Female,No,No,No,19,No,No phone service,DSL,No,No,No,No,Yes,Yes,One year,Yes,Credit card (automatic),44.85,893.55,Yes,1,72,5182,Competitor offered higher download speeds,2024-07-12 21:10:57.948847
8111-SLLHI,1,United States,California,San Jose,95128,"37.316146, -121.936285",37.316146,-121.936285,Male,Yes,Yes,No,39,Yes,Yes,Fiber optic,No,Yes,Yes,No,Yes,Yes,Month-to-month,Yes,Electronic check,105.65,4284.8,Yes,1,96,4687,Competitor offered higher download speeds,2024-07-12 21:10:57.948847
0927-LCSMG,1,United States,California,San Jose,95129,"37.305622, -122.000887",37.305622,-122.000887,Male,No,No,No,7,Yes,No,Fiber optic,No,No,Yes,No,No,No,Month-to-month,No,Mailed check,74.65,544.55,Yes,1,75,3331,Competitor offered more data,2024-07-12 21:10:57.948847
8257-RZAHR,1,United States,California,San Jose,95134,"37.42765, -121.945416",37.42765,-121.945416,Female,No,Yes,No,14,Yes,Yes,DSL,Yes,No,No,No,Yes,No,Month-to-month,Yes,Bank transfer (automatic),64.7,941,Yes,1,86,4049,Competitor offered more data,2024-07-12 21:10:57.948847
5293-WXJAK,1,United States,California,San Jose,95135,"37.28682, -121.723877",37.28682,-121.723877,Female,Yes,Yes,No,11,Yes,Yes,Fiber optic,No,No,Yes,Yes,Yes,Yes,Month-to-month,Yes,Bank transfer (automatic),104.05,1133.65,Yes,1,82,4553,Competitor offered more data,2024-07-12 21:10:57.948847
0841-NULXI,1,United States,California,Stockton,95209,"38.044523, -121.348048",38.044523,-121.348048,Male,No,No,No,1,No,No phone service,DSL,No,No,No,No,No,Yes,Month-to-month,Yes,Electronic check,35.55,35.55,Yes,1,71,3958,Don't know,2024-07-12 21:10:57.948847
7851-WZEKY,1,United States,California,Stockton,95219,"38.029729, -121.387999",38.029729,-121.387999,Female,No,No,No,2,Yes,Yes,Fiber optic,No,No,No,No,Yes,Yes,Month-to-month,Yes,Electronic check,95.15,196.9,Yes,1,82,2414,Competitor made better offer,2024-07-12 21:10:57.948847
8844-TONUD,1,United States,California,Acampo,95220,"38.200231, -121.235034",38.200231,-121.235034,Male,No,Yes,No,13,Yes,No,Fiber optic,No,No,Yes,No,Yes,Yes,Month-to-month,Yes,Mailed check,96.65,1162.85,Yes,1,75,5295,Attitude of service provider,2024-07-12 21:10:57.948847
4086-YQSNZ,1,United States,California,Glencoe,95232,"38.358464, -120.579304",38.358464,-120.579304,Female,Yes,Yes,No,3,Yes,No,Fiber optic,No,No,No,No,Yes,No,Month-to-month,Yes,Electronic check,80.4,224.05,Yes,1,89,3834,Attitude of service provider,2024-07-12 21:10:57.948847
5868-CZJDR,1,United States,California,Linden,95236,"38.047746, -121.030499",38.047746,-121.030499,Male,No,No,No,1,No,No phone service,DSL,No,Yes,No,No,No,No,Month-to-month,Yes,Mailed check,31.35,31.35,Yes,1,85,3605,Attitude of service provider,2024-07-12 21:10:57.948847
0135-NMXAP,1,United States,California,Lodi,95240,"38.123544, -121.159078",38.123544,-121.159078,Female,No,No,No,12,Yes,Yes,Fiber optic,No,Yes,No,No,Yes,No,Month-to-month,Yes,Bank transfer (automatic),89.75,1052.4,Yes,1,97,5671,Attitude of support person,2024-07-12 21:10:57.948847
6270-OMFIW,1,United States,California,Valley Springs,95252,"38.156971, -120.849231",38.156971,-120.849231,Male,No,Yes,No,60,Yes,No,Fiber optic,No,Yes,No,No,Yes,Yes,One year,Yes,Electronic check,94.4,5610.25,Yes,1,99,4990,Attitude of support person,2024-07-12 21:10:57.948847
0107-WESLM,1,United States,California,West Point,95255,"38.41935, -120.469545",38.41935,-120.469545,Male,No,No,No,1,Yes,No,No,No internet service,No internet service,No internet service,No internet service,No internet service,No internet service,Month-to-month,Yes,Electronic check,19.85,19.85,Yes,1,66,3874,Attitude of support person,2024-07-12 21:10:57.948847
3992-YWPKO,1,United States,California,Atwater,95301,"37.321233, -120.656354",37.321233,-120.656354,Female,No,No,No,6,Yes,Yes,Fiber optic,No,Yes,Yes,Yes,Yes,Yes,Month-to-month,Yes,Credit card (automatic),109.9,669.45,Yes,1,69,5750,Attitude of service provider,2024-07-12 21:10:57.948847
0125-LZQXK,1,United States,California,Big Oak Flat,95305,"37.818589, -120.256995",37.818589,-120.256995,Male,No,No,No,15,Yes,No,Fiber optic,No,No,Yes,Yes,Yes,Yes,Month-to-month,Yes,Electronic check,101.35,1553.95,Yes,1,99,3025,Attitude of service provider,2024-07-12 21:10:57.948847
8399-YNDCH,1,United States,California,Columbia,95310,"38.085839, -120.37855",38.085839,-120.37855,Male,Yes,No,No,21,Yes,No,DSL,No,No,Yes,No,Yes,No,Month-to-month,Yes,Bank transfer (automatic),60.05,1236.15,Yes,1,70,4716,Attitude of service provider,2024-07-12 21:10:57.948847
5673-FSSMF,1,United States,California,Delhi,95315,"37.422961, -120.765493",37.422961,-120.765493,Female,No,No,No,1,Yes,Yes,DSL,No,No,No,No,No,Yes,Month-to-month,Yes,Electronic check,60.15,60.15,Yes,1,91,4611,Attitude of support person,2024-07-12 21:10:57.948847
1579-KLYDT,1,United States,California,Hickman,95323,"37.605926, -120.69955",37.605926,-120.69955,Male,No,No,No,7,Yes,Yes,Fiber optic,No,No,Yes,No,Yes,No,Month-to-month,Yes,Electronic check,90.45,593.45,Yes,1,98,5356,Competitor made better offer,2024-07-12 21:10:57.948847
3927-NLNRY,1,United States,California,Long Barn,95335,"38.109125, -120.078597",38.109125,-120.078597,Male,No,Yes,No,53,Yes,No,Fiber optic,No,Yes,No,No,Yes,Yes,One year,Yes,Bank transfer (automatic),94.25,4867.95,Yes,1,96,5414,Moved,2024-07-12 21:10:57.948847
6358-LYNGM,1,United States,California,Mariposa,95338,"37.526791, -119.99437",37.526791,-119.99437,Male,No,No,No,1,Yes,Yes,Fiber optic,No,No,No,No,No,No,Month-to-month,Yes,Electronic check,74.9,74.9,Yes,1,84,2548,Moved,2024-07-12 21:10:57.948847
5494-HECPR,1,United States,California,Mi Wuk Village,95346,"38.121601, -120.133915",38.121601,-120.133915,Female,No,No,No,1,Yes,No,Fiber optic,No,No,No,No,Yes,No,Month-to-month,Yes,Electronic check,80.25,80.25,Yes,1,69,2502,Moved,2024-07-12 21:10:57.948847
9824-BEMCV,1,United States,California,Modesto,95350,"37.671806, -121.007575",37.671806,-121.007575,Male,No,Yes,No,17,Yes,No,Fiber optic,No,No,No,No,No,No,Month-to-month,Yes,Electronic check,69.0,1149.65,Yes,1,77,3368,Competitor offered higher download speeds,2024-07-12 21:10:57.948847
1373-ORVIZ,1,United States,California,Modesto,95351,"37.621458, -121.012295",37.621458,-121.012295,Female,No,Yes,No,11,Yes,Yes,DSL,No,No,No,Yes,No,Yes,Month-to-month,Yes,Electronic check,66.35,740.8,Yes,1,91,2860,Competitor offered higher download speeds,2024-07-12 21:10:57.948847
9866-QEVEE,1,United States,California,Modesto,95356,"37.716186, -121.025836",37.716186,-121.025836,Male,No,No,No,19,Yes,Yes,Fiber optic,No,No,No,No,No,Yes,Month-to-month,Yes,Bank transfer (automatic),86.0,1532.45,Yes,1,98,4857,Competitor offered higher download speeds,2024-07-12 21:10:57.948847
9897-KXHCM,1,United States,California,Modesto,95357,"37.670526, -120.877572",37.670526,-120.877572,Female,No,Yes,No,3,Yes,No,Fiber optic,No,No,No,No,No,Yes,Month-to-month,Yes,Electronic check,80.3,250.05,Yes,1,72,3212,Competitor offered higher download speeds,2024-07-12 21:10:57.948847
7979-CORPM,1,United States,California,Oakdale,95361,"37.785033, -120.776141",37.785033,-120.776141,Male,No,No,No,24,Yes,Yes,Fiber optic,No,Yes,No,No,Yes,No,Month-to-month,Yes,Credit card (automatic),90.55,2282.55,Yes,1,67,5927,Don't know,2024-07-12 21:10:57.948847
1618-CFHME,1,United States,California,Riverbank,95367,"37.734971, -120.954271",37.734971,-120.954271,Female,No,No,No,2,Yes,Yes,Fiber optic,No,No,No,No,No,No,Month-to-month,Yes,Electronic check,75.9,143.35,Yes,1,86,2101,Don't know,2024-07-12 21:10:57.948847
3165-HDOEW,1,United States,California,Salida,95368,"37.713152, -121.08739",37.713152,-121.08739,Male,No,Yes,No,1,Yes,No,DSL,No,No,No,No,No,No,Month-to-month,Yes,Mailed check,45.85,45.85,Yes,1,73,3706,Don't know,2024-07-12 21:10:57.948847
6581-NQCBA,1,United States,California,Snelling,95369,"37.521708, -120.426843",37.521708,-120.426843,Female,No,Yes,No,16,No,No phone service,DSL,No,No,No,Yes,Yes,Yes,Month-to-month,Yes,Electronic check,49.95,810.2,Yes,1,78,4840,Don't know,2024-07-12 21:10:57.948847
1689-MRZQR,1,United States,California,Turlock,95382,"37.529656, -120.854357",37.529656,-120.854357,Male,No,Yes,No,34,Yes,No,Fiber optic,No,No,No,No,Yes,No,Month-to-month,No,Electronic check,78.3,2564.3,Yes,1,77,2777,Don't know,2024-07-12 21:10:57.948847
5835-BEQEU,1,United States,California,Westley,95387,"37.546007, -121.28257",37.546007,-121.28257,Male,No,No,No,3,Yes,Yes,Fiber optic,No,No,No,No,No,No,Month-to-month,Yes,Electronic check,76.95,228.4,Yes,1,92,4428,Don't know,2024-07-12 21:10:57.948847
5565-FILXA,1,United States,California,Yosemite National Park,95389,"37.704267, -119.607001",37.704267,-119.607001,Female,Yes,No,No,16,Yes,Yes,Fiber optic,No,No,No,No,Yes,Yes,Month-to-month,Yes,Electronic check,96.15,1529.2,Yes,1,96,5913,Don't know,2024-07-12 21:10:57.948847
5552-ZNFSJ,1,United States,California,Santa Rosa,95407,"38.394091, -122.739814",38.394091,-122.739814,Male,No,No,No,1,Yes,No,DSL,No,No,No,No,No,No,Month-to-month,No,Electronic check,45.3,45.3,Yes,1,66,4568,Don't know,2024-07-12 21:10:57.948847
2223-KAGMX,1,United States,California,Santa Rosa,95409,"38.468893, -122.580539",38.468893,-122.580539,Female,No,No,No,15,Yes,No,No,No internet service,No internet service,No internet service,No internet service,No internet service,No internet service,Month-to-month,No,Bank transfer (automatic),19.4,289.3,Yes,1,87,5379,Don't know,2024-07-12 21:10:57.948847
7321-PKUYW,1,United States,California,Branscomb,95417,"39.710591, -123.682799",39.710591,-123.682799,Female,No,No,No,11,Yes,Yes,Fiber optic,No,No,No,Yes,Yes,No,Month-to-month,No,Electronic check,90.15,987.95,Yes,1,66,5250,Competitor offered higher download speeds,2024-07-12 21:10:57.948847
2833-SLKDQ,1,United States,California,Caspar,95420,"39.361283, -123.784599",39.361283,-123.784599,Male,No,No,No,1,Yes,No,DSL,No,No,No,No,No,No,Month-to-month,No,Mailed check,45.05,45.05,Yes,1,98,4094,Network reliability,2024-07-12 21:10:57.948847
7595-EUIVN,1,United States,California,Clearlake,95422,"38.965804, -122.631779",38.965804,-122.631779,Female,No,No,No,1,Yes,No,Fiber optic,No,Yes,No,No,No,No,Month-to-month,No,Electronic check,75.8,75.8,Yes,1,70,3940,Network reliability,2024-07-12 21:10:57.948847
2026-TGDHM,1,United States,California,Cloverdale,95425,"38.801936, -122.938935",38.801936,-122.938935,Female,No,No,No,7,Yes,No,Fiber optic,No,No,No,No,No,Yes,Month-to-month,Yes,Electronic check,79.3,523.15,Yes,1,69,3830,Network reliability,2024-07-12 21:10:57.948847
4030-VPZBD,1,United States,California,Comptche,95427,"39.239818, -123.565432",39.239818,-123.565432,Female,No,No,No,2,No,No phone service,DSL,No,No,No,Yes,No,No,Month-to-month,Yes,Electronic check,30.9,59.05,Yes,1,98,2860,Network reliability,2024-07-12 21:10:57.948847
4187-CINZD,1,United States,California,Eldridge,95431,"38.348884, -122.51699",38.348884,-122.51699,Female,Yes,No,No,46,Yes,No,Fiber optic,No,Yes,No,No,Yes,Yes,One year,No,Credit card (automatic),95.25,4424.2,Yes,1,90,3180,Network reliability,2024-07-12 21:10:57.948847
6818-WOBHJ,1,United States,California,Fulton,95439,"38.493888, -122.777141",38.493888,-122.777141,Female,Yes,Yes,No,68,Yes,Yes,Fiber optic,No,Yes,No,No,No,Yes,Month-to-month,Yes,Bank transfer (automatic),89.6,6127.6,Yes,1,69,5651,Network reliability,2024-07-12 21:10:57.948847
9134-CEQMF,1,United States,California,Nice,95464,"39.12334, -122.838198",39.12334,-122.838198,Male,Yes,Yes,No,7,Yes,No,Fiber optic,No,No,No,No,Yes,Yes,Month-to-month,Yes,Electronic check,89.5,676.7,Yes,1,89,3077,Network reliability,2024-07-12 21:10:57.948847
7993-PYKOF,1,United States,California,Rio Nido,95471,"38.522328, -122.97932",38.522328,-122.97932,Male,No,Yes,No,8,Yes,No,Fiber optic,Yes,No,No,No,No,No,Month-to-month,No,Electronic check,75.0,632.95,Yes,1,80,2587,Network reliability,2024-07-12 21:10:57.948847
5027-XWQHA,1,United States,California,Ukiah,95482,"39.134075, -123.23422",39.134075,-123.23422,Male,No,No,No,6,Yes,No,DSL,No,No,No,No,No,No,Month-to-month,No,Electronic check,44.75,270.95,Yes,1,78,2087,Network reliability,2024-07-12 21:10:57.948847
4566-QVRRW,1,United States,California,Witter Springs,95493,"39.222323, -122.985488",39.222323,-122.985488,Female,No,Yes,No,11,Yes,No,DSL,No,No,No,No,No,No,Month-to-month,Yes,Electronic check,44.05,483.7,Yes,1,84,3200,Network reliability,2024-07-12 21:10:57.948847
8519-IMDHU,1,United States,California,Alderpoint,95511,"40.166028, -123.584144",40.166028,-123.584144,Male,Yes,Yes,No,15,Yes,Yes,Fiber optic,No,No,No,No,No,Yes,Month-to-month,Yes,Bank transfer (automatic),85.6,1345.55,Yes,1,83,4981,Network reliability,2024-07-12 21:10:57.948847
0201-OAMXR,1,United States,California,Mckinleyville,95519,"40.965011, -124.015255",40.965011,-124.015255,Female,No,No,No,70,Yes,Yes,Fiber optic,Yes,Yes,Yes,Yes,Yes,Yes,One year,No,Credit card (automatic),115.55,8127.6,Yes,1,87,4838,Network reliability,2024-07-12 21:10:57.948847
3372-KWFBM,1,United States,California,Bayside,95524,"40.825486, -124.049485",40.825486,-124.049485,Male,Yes,No,No,16,Yes,Yes,Fiber optic,No,No,No,No,Yes,No,Month-to-month,Yes,Electronic check,86.6,1281,Yes,1,81,2508,Network reliability,2024-07-12 21:10:57.948847
7831-QGOXH,1,United States,California,Blue Lake,95525,"40.94338, -123.831799",40.94338,-123.831799,Female,No,No,No,18,Yes,Yes,Fiber optic,No,No,No,No,Yes,No,Month-to-month,Yes,Electronic check,85.2,1553.9,Yes,1,77,3326,Don't know,2024-07-12 21:10:57.948847
6393-WRYZE,1,United States,California,Bridgeville,95526,"40.372532, -123.525626",40.372532,-123.525626,Female,No,Yes,No,34,Yes,Yes,Fiber optic,No,No,No,No,Yes,Yes,Month-to-month,Yes,Electronic check,97.65,3207.55,Yes,1,87,3979,Don't know,2024-07-12 21:10:57.948847
6599-RCLCJ,1,United States,California,Crescent City,95531,"41.701223, -124.003393",41.701223,-124.003393,Male,No,Yes,No,47,Yes,Yes,Fiber optic,No,Yes,Yes,Yes,Yes,Yes,Month-to-month,Yes,Electronic check,109.55,5124.55,Yes,1,90,5863,Don't know,2024-07-12 21:10:57.948847
9831-BPFRI,1,United States,California,Ferndale,95536,"40.4785, -124.301372",40.4785,-124.301372,Female,No,Yes,No,39,Yes,Yes,Fiber optic,No,Yes,Yes,Yes,No,No,One year,Yes,Electronic check,89.55,3474.45,Yes,1,65,3849,Poor expertise of online support,2024-07-12 21:10:57.948847
1725-MIMXW,1,United States,California,Honeydew,95545,"40.342928, -124.063329",40.342928,-124.063329,Male,No,No,No,1,Yes,No,No,No internet service,No internet service,No internet service,No internet service,No internet service,No internet service,Month-to-month,Yes,Mailed check,19.45,19.45,Yes,1,78,5687,Poor expertise of phone support,2024-07-12 21:10:57.948847
0031-PVLZI,1,United States,California,Korbel,95550,"40.7666, -123.80458",40.7666,-123.80458,Female,No,Yes,No,4,Yes,No,No,No internet service,No internet service,No internet service,No internet service,No internet service,No internet service,Month-to-month,No,Mailed check,20.35,76.35,Yes,1,81,4133,Competitor had better devices,2024-07-12 21:10:57.948847
7206-GZCDC,1,United States,California,Loleta,95551,"40.665952, -124.240051",40.665952,-124.240051,Female,Yes,No,No,1,Yes,No,Fiber optic,No,No,No,No,No,No,Month-to-month,Yes,Electronic check,69.25,69.25,Yes,1,75,4371,Competitor offered higher download speeds,2024-07-12 21:10:57.948847
4791-QRGMF,1,United States,California,Miranda,95553,"40.210895, -123.86",40.210895,-123.86,Male,No,Yes,No,59,Yes,Yes,Fiber optic,No,No,Yes,No,Yes,Yes,One year,Yes,Bank transfer (automatic),99.5,5961.1,Yes,1,76,6098,Competitor offered more data,2024-07-12 21:10:57.948847
1768-ZAIFU,1,United States,California,Rio Dell,95562,"40.485849, -124.163234",40.485849,-124.163234,Female,Yes,No,No,1,No,No phone service,DSL,No,No,No,No,No,No,Month-to-month,Yes,Electronic check,25.2,25.2,Yes,1,67,5688,Competitor made better offer,2024-07-12 21:10:57.948847
4671-LXRDQ,1,United States,California,Salyer,95563,"40.89866, -123.539754",40.89866,-123.539754,Male,No,No,No,2,Yes,No,DSL,No,No,No,No,No,No,Month-to-month,Yes,Mailed check,45.0,96.45,Yes,1,93,5704,Competitor had better devices,2024-07-12 21:10:57.948847
1934-SJVJK,1,United States,California,Smith River,95567,"41.950683, -124.097094",41.950683,-124.097094,Male,No,No,No,1,Yes,No,No,No internet service,No internet service,No internet service,No internet service,No internet service,No internet service,Month-to-month,No,Mailed check,20.15,20.15,Yes,1,70,4103,Competitor had better devices,2024-07-12 21:10:57.948847
